,id,imma_year,year,income
0,0,2005,2010,53622.107794602896
1,0,2005,2011,45301.60138227079
2,0,2005,2012,46408.93481689065
3,0,2005,2013,55087.24225469312
0,1,2007,2012,65559.85604570192
1,1,2007,2013,62032.578034926024
2,1,2007,2014,57346.262065483425
3,1,2007,2015,76583.13538438144
4,1,2007,2016,56461.98772225881
5,1,2007,2017,71753.56118035287
6,1,2007,2018,66475.78655690695
7,1,2007,2019,78567.90221558315
0,2,2008,2013,25436.972857236462
1,2,2008,2014,35704.9505229887
2,2,2008,2015,25876.100713429943
3,2,2008,2016,27460.880054194284
4,2,2008,2017,38892.87484008919
5,2,2008,2018,41171.02906158889
6,2,2008,2019,33543.237593802965
0,3,2002,2007,44258.18928172197
1,3,2002,2008,64921.58187400812
2,3,2002,2009,71808.95338274662
0,4,2008,2013,39937.33492723631
1,4,2008,2014,61178.95627711131
2,4,2008,2015,66920.25955637198
3,4,2008,2016,50654.4916011738
4,4,2008,2017,51663.40323723611
5,4,2008,2018,52630.048783268525
6,4,2008,2019,70648.69424800649
0,5,2007,2012,56762.5864351028
1,5,2007,2013,43404.284786207965
2,5,2007,2014,51644.33409194593
3,5,2007,2015,50087.944273618035
4,5,2007,2016,60360.90226047857
5,5,2007,2017,65249.631707166714
6,5,2007,2018,72326.06942657304
0,6,2003,2008,10899.155857134107
1,6,2003,2009,11791.505144819612
2,6,2003,2010,18171.48957764394
3,6,2003,2011,17450.828897053587
0,7,2009,2014,36342.20774329943
1,7,2009,2015,39926.54576924284
2,7,2009,2016,39707.72094899265
3,7,2009,2017,55595.444714519545
0,8,2009,2014,25322.400021475874
1,8,2009,2015,30637.086524161532
2,8,2009,2016,41286.29370769102
3,8,2009,2017,36338.187897114425
4,8,2009,2018,38332.14478123292
5,8,2009,2019,40252.73297598505
0,9,2004,2009,69532.71064336001
1,9,2004,2010,71705.54077306097
2,9,2004,2011,88345.96078320804
3,9,2004,2012,74535.61802809122
4,9,2004,2013,82476.14970507791
0,10,2008,2013,61521.09457995792
1,10,2008,2014,59021.9083367802
2,10,2008,2015,61068.558476914295
0,11,2003,2008,86166.96782835996
1,11,2003,2009,141752.97310917397
2,11,2003,2010,114333.28429569748
3,11,2003,2011,132468.65277624526
4,11,2003,2012,110761.38081058732
0,12,2009,2014,89799.85921484503
1,12,2009,2015,74753.24714947649
2,12,2009,2016,83408.88501468433
3,12,2009,2017,90326.43586656092
4,12,2009,2018,90140.39878274465
5,12,2009,2019,90396.00924057116
0,13,2008,2013,35965.807501426774
1,13,2008,2014,48149.72825448614
2,13,2008,2015,49581.84987478166
3,13,2008,2016,55067.30140072506
4,13,2008,2017,40223.39420252744
5,13,2008,2018,46712.07513918585
6,13,2008,2019,60001.12172325532
0,14,2006,2011,34738.18202411079
1,14,2006,2012,51527.451027336596
2,14,2006,2013,50353.85425027949
3,14,2006,2014,38560.24693647573
0,15,2000,2005,104630.11914475166
1,15,2000,2006,135061.06889086778
2,15,2000,2007,127639.09107695038
3,15,2000,2008,98262.24754836319
4,15,2000,2009,108056.59887256604
5,15,2000,2010,158806.727704414
6,15,2000,2011,156337.84678506607
7,15,2000,2012,128760.76774147603
8,15,2000,2013,158293.5483824038
0,16,2009,2014,67991.05759219888
1,16,2009,2015,78878.1636608805
2,16,2009,2016,70671.86300282717
3,16,2009,2017,78763.73238861628
4,16,2009,2018,81181.12660071926
5,16,2009,2019,103575.60120680105
0,17,2007,2012,62570.17386175319
1,17,2007,2013,99204.1471517553
2,17,2007,2014,97893.88825875272
3,17,2007,2015,108175.7700373095
0,18,2002,2007,35092.120041865775
1,18,2002,2008,24456.657015558496
0,19,2008,2013,32427.886098289167
1,19,2008,2014,39568.848144906406
2,19,2008,2015,37133.127421365774
3,19,2008,2016,50548.77999683334
4,19,2008,2017,47855.62554614646
0,20,2006,2011,105553.56287237127
1,20,2006,2012,104011.25627295522
2,20,2006,2013,99310.85643033082
3,20,2006,2014,110605.56669160044
4,20,2006,2015,88312.67865968242
0,21,2002,2007,102322.57955115232
1,21,2002,2008,98921.09046965143
2,21,2002,2009,82571.84903986858
3,21,2002,2010,78793.39195650571
4,21,2002,2011,87341.90006961736
5,21,2002,2012,112951.10808152647
0,22,2002,2007,69347.2341607045
1,22,2002,2008,82838.35850462684
2,22,2002,2009,92304.35465114488
3,22,2002,2010,95896.4776114102
4,22,2002,2011,73267.7863845014
5,22,2002,2012,83313.06814423366
0,23,2003,2008,67706.31735111924
1,23,2003,2009,54608.005541256
2,23,2003,2010,67862.62577340304
3,23,2003,2011,71017.87377907135
4,23,2003,2012,63128.38038321047
5,23,2003,2013,90238.22252013703
6,23,2003,2014,81948.47928760409
7,23,2003,2015,98973.5344555098
8,23,2003,2016,76566.57498138095
9,23,2003,2017,106341.48763028937
0,24,2003,2008,48736.171117276295
1,24,2003,2009,68570.70672490326
2,24,2003,2010,61734.74998609187
3,24,2003,2011,56988.632252673764
4,24,2003,2012,87501.45115516393
5,24,2003,2013,71924.62311644942
6,24,2003,2014,81486.5556140514
7,24,2003,2015,87669.2873678489
8,24,2003,2016,75496.49782311685
9,24,2003,2017,89954.28277991225
0,25,2003,2008,57245.886666803046
1,25,2003,2009,40391.05518092431
2,25,2003,2010,56387.2502700591
3,25,2003,2011,42459.45637384686
4,25,2003,2012,49565.32271241559
5,25,2003,2013,54296.973484191316
6,25,2003,2014,56856.247523785656
0,26,2006,2011,52879.91073658004
1,26,2006,2012,75468.81618259015
2,26,2006,2013,62765.38598801111
3,26,2006,2014,88646.15160537684
0,27,2007,2012,46836.061404706306
1,27,2007,2013,38224.94682564557
2,27,2007,2014,35650.45619860156
3,27,2007,2015,37151.886610981215
4,27,2007,2016,45327.5461296633
5,27,2007,2017,40819.50749294776
6,27,2007,2018,54117.40750877532
0,28,2005,2010,50400.75650753565
1,28,2005,2011,41294.883482841724
2,28,2005,2012,42168.92202055461
3,28,2005,2013,61522.88088595615
4,28,2005,2014,54662.16380629397
0,29,2009,2014,54297.10043391863
1,29,2009,2015,53096.41019473366
2,29,2009,2016,59008.81444810719
3,29,2009,2017,63597.4324621756
4,29,2009,2018,62337.95793707925
5,29,2009,2019,74749.37923322065
0,30,2009,2014,158687.31555799072
1,30,2009,2015,201295.8068531148
0,31,2003,2008,53781.615439041256
1,31,2003,2009,41189.38495812165
2,31,2003,2010,51823.14762766612
3,31,2003,2011,44271.811649364
4,31,2003,2012,45950.562437387816
0,32,2004,2009,50986.684291688885
1,32,2004,2010,52999.29452799695
2,32,2004,2011,38136.07294119111
3,32,2004,2012,51551.99623416427
0,33,2000,2005,37295.50259323015
1,33,2000,2006,47217.773260208785
0,34,2009,2014,38519.1214728109
1,34,2009,2015,39113.65010727217
2,34,2009,2016,43329.31255662654
3,34,2009,2017,59685.52565800081
0,35,2000,2005,85980.03803972782
1,35,2000,2006,98536.87334786083
2,35,2000,2007,103390.11335889898
3,35,2000,2008,86800.99202150563
0,36,2009,2014,52916.245457732395
1,36,2009,2015,54013.388088437925
2,36,2009,2016,47654.20011296974
3,36,2009,2017,44948.71384402799
4,36,2009,2018,48998.55749042172
5,36,2009,2019,64814.42554366272
0,37,2005,2010,65947.39634756766
1,37,2005,2011,82568.315381877
2,37,2005,2012,104298.03524315788
3,37,2005,2013,107410.20831751847
4,37,2005,2014,84610.9996371442
5,37,2005,2015,93565.71832042343
6,37,2005,2016,95555.64177093403
7,37,2005,2017,116850.32500468052
8,37,2005,2018,115166.41761218834
0,38,2009,2014,82207.22848088664
1,38,2009,2015,112660.4899966868
2,38,2009,2016,110005.5714668797
3,38,2009,2017,95746.61296677034
4,38,2009,2018,93652.6240802041
5,38,2009,2019,107608.25340287643
0,39,2000,2005,66684.16092762446
1,39,2000,2006,65233.16345808374
2,39,2000,2007,54854.04683414134
3,39,2000,2008,81225.68243949552
4,39,2000,2009,79868.87796524943
0,40,2002,2007,65868.21484957036
1,40,2002,2008,80574.89823739989
2,40,2002,2009,83488.87311457211
3,40,2002,2010,67403.60380826633
4,40,2002,2011,77936.37598376563
5,40,2002,2012,97485.96051391249
6,40,2002,2013,75653.40926175375
7,40,2002,2014,81203.34259410443
8,40,2002,2015,79600.5033425102
0,41,2001,2006,28863.61540995181
1,41,2001,2007,34874.84257082884
2,41,2001,2008,34665.81497578053
3,41,2001,2009,38433.47509216705
4,41,2001,2010,47240.63361826359
5,41,2001,2011,42313.23887884516
6,41,2001,2012,46050.24463749737
7,41,2001,2013,51474.80919117704
0,42,2003,2008,31316.647825462547
1,42,2003,2009,47809.90531935676
2,42,2003,2010,42270.339071578026
3,42,2003,2011,34845.05075922975
4,42,2003,2012,44926.5963317111
5,42,2003,2013,44511.16171814148
6,42,2003,2014,48660.38727777336
0,43,2003,2008,42838.62344850906
1,43,2003,2009,45290.37156165225
2,43,2003,2010,32563.962072521834
3,43,2003,2011,41434.71624824162
4,43,2003,2012,47190.49711536969
5,43,2003,2013,39603.30757102104
6,43,2003,2014,50402.858785471326
7,43,2003,2015,54573.286513630046
0,44,2006,2011,44302.502355574674
1,44,2006,2012,53508.81851284747
2,44,2006,2013,54869.19169208252
3,44,2006,2014,52043.48441402666
4,44,2006,2015,51509.531049613135
5,44,2006,2016,68017.7789191614
6,44,2006,2017,62382.97555441698
7,44,2006,2018,69696.42620460583
8,44,2006,2019,62498.02890874516
0,45,2004,2009,25792.768452769516
1,45,2004,2010,33017.269131618305
2,45,2004,2011,33577.06917901626
3,45,2004,2012,33259.69187097123
0,46,2002,2007,81820.29592960935
1,46,2002,2008,100242.90876162655
2,46,2002,2009,85968.07666992191
3,46,2002,2010,96932.9078304962
4,46,2002,2011,109983.93077252059
5,46,2002,2012,108317.79028143449
0,47,2001,2006,78385.88718579875
1,47,2001,2007,83296.17141252052
2,47,2001,2008,92255.02497258362
3,47,2001,2009,101606.88948954713
4,47,2001,2010,84462.94629118207
5,47,2001,2011,92840.99662600705
6,47,2001,2012,99575.78005631694
7,47,2001,2013,103028.44524791998
8,47,2001,2014,112689.95284107367
9,47,2001,2015,100781.99194036833
0,48,2004,2009,47850.79079028206
1,48,2004,2010,46245.71671184302
0,49,2008,2013,44001.93436973285
1,49,2008,2014,35757.91604276152
2,49,2008,2015,44931.96512702456
3,49,2008,2016,38643.889013136555
4,49,2008,2017,51763.08921884875
5,49,2008,2018,48547.7275856917
6,49,2008,2019,50168.01229241158
0,50,2008,2013,62183.04325947119
1,50,2008,2014,68126.4857930421
2,50,2008,2015,73690.70905034084
3,50,2008,2016,71905.15404160834
0,51,2005,2010,33652.49207566287
1,51,2005,2011,49079.072054420765
2,51,2005,2012,54421.94389819477
0,52,2007,2012,79488.35693163254
1,52,2007,2013,77179.46754867831
2,52,2007,2014,95085.48981041125
3,52,2007,2015,89547.1569152247
4,52,2007,2016,79090.36742257878
5,52,2007,2017,109438.21688688397
6,52,2007,2018,87964.65837020632
7,52,2007,2019,119270.27611822626
0,53,2003,2008,29634.33060019059
1,53,2003,2009,29526.185301510937
2,53,2003,2010,22661.741204492304
3,53,2003,2011,26380.966846912685
4,53,2003,2012,33057.68853698168
5,53,2003,2013,35358.35323423064
6,53,2003,2014,33984.70018481298
0,54,2005,2010,101758.51042708528
1,54,2005,2011,110580.30487996765
2,54,2005,2012,86528.15223384212
3,54,2005,2013,133649.7209814445
0,55,2008,2013,71012.82661154424
1,55,2008,2014,78670.96423000343
2,55,2008,2015,92135.55188265895
3,55,2008,2016,68153.03504118249
4,55,2008,2017,91613.30606189264
5,55,2008,2018,85400.6647107976
6,55,2008,2019,104306.43165112118
0,56,2003,2008,45202.31044422532
1,56,2003,2009,47806.51696468412
2,56,2003,2010,46276.7181023509
0,57,2007,2012,83580.91488531834
1,57,2007,2013,89802.79139051493
2,57,2007,2014,87541.48224553681
3,57,2007,2015,72637.63659210816
4,57,2007,2016,103547.8215087975
5,57,2007,2017,81888.149510312
6,57,2007,2018,108287.46082924774
0,58,2003,2008,28364.337775948614
1,58,2003,2009,31229.561651106633
2,58,2003,2010,37292.955582494855
3,58,2003,2011,37005.88920801414
4,58,2003,2012,48220.06925564562
5,58,2003,2013,41527.063291453494
0,59,2009,2014,24837.219266119082
1,59,2009,2015,27125.480910197064
2,59,2009,2016,23588.27935919345
3,59,2009,2017,22744.765439849605
4,59,2009,2018,33185.07186722732
5,59,2009,2019,29927.839987817315
0,60,2009,2014,52292.311875541905
1,60,2009,2015,57638.798191397895
0,61,2009,2014,31149.19805793707
1,61,2009,2015,46658.509402163574
2,61,2009,2016,39434.25569029975
3,61,2009,2017,50838.932243457646
4,61,2009,2018,43785.25742123043
5,61,2009,2019,50298.74563852215
0,62,2001,2006,21821.76832334694
1,62,2001,2007,27617.32183221228
2,62,2001,2008,24759.79888422131
3,62,2001,2009,27673.19861302476
4,62,2001,2010,33271.399166395575
5,62,2001,2011,29021.203566760447
6,62,2001,2012,32169.242179408084
7,62,2001,2013,32134.41276098993
0,63,2005,2010,35780.65612669067
1,63,2005,2011,44138.06508773545
2,63,2005,2012,43312.615629944565
3,63,2005,2013,38969.409792268474
4,63,2005,2014,43541.99839227439
0,64,2009,2014,57777.60652231556
1,64,2009,2015,48641.16212676895
2,64,2009,2016,48379.274823602704
3,64,2009,2017,46723.72923685413
4,64,2009,2018,48705.56611469231
5,64,2009,2019,65437.152005868484
0,65,2000,2005,34563.96807633179
1,65,2000,2006,25444.815975095884
2,65,2000,2007,33111.73345119953
3,65,2000,2008,33135.435839406
4,65,2000,2009,30333.632802764878
5,65,2000,2010,35336.27921730064
6,65,2000,2011,42943.15563979524
7,65,2000,2012,43562.71540093008
8,65,2000,2013,40775.89398570344
0,66,2000,2005,45066.19798718072
1,66,2000,2006,48064.8279566042
2,66,2000,2007,48903.82895215373
3,66,2000,2008,38258.60990912212
4,66,2000,2009,44621.66317504174
5,66,2000,2010,42084.798524905826
0,67,2007,2012,66895.10804652155
1,67,2007,2013,89333.14337081095
2,67,2007,2014,99134.08198449013
3,67,2007,2015,97421.10203385273
4,67,2007,2016,95435.36669760136
0,68,2004,2009,81314.97408026198
1,68,2004,2010,115250.28519120421
2,68,2004,2011,105448.62054765369
3,68,2004,2012,97025.56900984806
0,69,2000,2005,43100.17480211757
1,69,2000,2006,42442.28255185744
2,69,2000,2007,43797.399869939065
3,69,2000,2008,54523.329379615825
4,69,2000,2009,44738.49367701616
5,69,2000,2010,42522.238349505606
6,69,2000,2011,58468.08270036435
0,70,2009,2014,39138.83940982565
1,70,2009,2015,44873.286882533575
2,70,2009,2016,42641.53400945876
0,71,2008,2013,56825.4870621401
1,71,2008,2014,75740.27205106511
2,71,2008,2015,80816.99742753278
3,71,2008,2016,83612.66952611874
4,71,2008,2017,82177.50157432379
5,71,2008,2018,77410.2220205416
6,71,2008,2019,77766.51046966345
0,72,2000,2005,81999.99052582856
1,72,2000,2006,114796.42336125411
2,72,2000,2007,122355.5006897791
3,72,2000,2008,114261.89095400786
4,72,2000,2009,100843.79722732218
5,72,2000,2010,104867.37177230029
6,72,2000,2011,126402.71746595339
7,72,2000,2012,103537.03968459509
8,72,2000,2013,110673.81867550571
0,73,2000,2005,98825.32461715533
1,73,2000,2006,78698.5716605022
2,73,2000,2007,83596.00969070978
0,74,2002,2007,92677.83198996988
1,74,2002,2008,93027.29033661251
2,74,2002,2009,103665.45323257433
3,74,2002,2010,87720.19432020583
4,74,2002,2011,81924.06918044876
5,74,2002,2012,104489.24505821624
6,74,2002,2013,101918.08056099339
7,74,2002,2014,89782.241962123
8,74,2002,2015,100437.07454154348
9,74,2002,2016,101943.82897211354
0,75,2000,2005,30681.495749841986
1,75,2000,2006,36768.318678682284
2,75,2000,2007,44452.52844365598
3,75,2000,2008,51022.41896562762
0,76,2000,2005,46953.55599499004
1,76,2000,2006,40839.33518310499
2,76,2000,2007,46128.97139424458
3,76,2000,2008,48652.79737443591
4,76,2000,2009,41390.80173335997
5,76,2000,2010,39017.75319922984
6,76,2000,2011,57924.12606335672
0,77,2001,2006,24531.465177850485
1,77,2001,2007,29180.860646217745
2,77,2001,2008,38354.32178243335
3,77,2001,2009,32546.63831336944
4,77,2001,2010,36345.96274872208
5,77,2001,2011,42679.57001179782
6,77,2001,2012,42053.71404746767
7,77,2001,2013,36697.801865347654
0,78,2007,2012,42933.621108746775
1,78,2007,2013,39228.99741303974
2,78,2007,2014,40140.844050878644
3,78,2007,2015,39431.11452363971
4,78,2007,2016,51018.68995889981
5,78,2007,2017,43248.11579439211
6,78,2007,2018,45676.16590757201
7,78,2007,2019,54169.48891805502
0,79,2001,2006,152533.22131180135
1,79,2001,2007,192835.0755625981
2,79,2001,2008,168983.39815401158
3,79,2001,2009,167633.05633848044
4,79,2001,2010,199401.0276709261
5,79,2001,2011,216656.5233430079
0,80,2007,2012,136404.73029943396
1,80,2007,2013,115777.39555375243
2,80,2007,2014,108622.21998759809
3,80,2007,2015,109940.19941789133
4,80,2007,2016,156958.14150239425
0,81,2009,2014,65037.27632786356
1,81,2009,2015,69665.40720593953
2,81,2009,2016,88273.05643684456
3,81,2009,2017,87071.35627054653
4,81,2009,2018,84645.98095364455
0,82,2003,2008,62556.24242188554
1,82,2003,2009,84999.45973106094
0,83,2000,2005,46835.90180790808
1,83,2000,2006,53301.24085335546
0,84,2008,2013,51182.34299178625
1,84,2008,2014,73614.81143944128
2,84,2008,2015,82332.7373905506
3,84,2008,2016,83827.86422114163
4,84,2008,2017,69154.49904161869
5,84,2008,2018,72857.7242220762
6,84,2008,2019,70532.95565755782
0,85,2000,2005,107719.21163715757
1,85,2000,2006,100630.09952122292
2,85,2000,2007,80270.33819064008
3,85,2000,2008,82979.21462530269
4,85,2000,2009,99741.39571362521
5,85,2000,2010,113238.27676773841
0,86,2006,2011,51890.759774545026
1,86,2006,2012,45603.883419062375
0,87,2005,2010,26483.5608501025
1,87,2005,2011,32292.815286155153
2,87,2005,2012,38821.33354187765
3,87,2005,2013,31768.47929969275
4,87,2005,2014,34086.55602849549
5,87,2005,2015,45511.13204146518
0,88,2008,2013,44975.30465472005
1,88,2008,2014,56897.53241244155
2,88,2008,2015,51769.25661985763
0,89,2005,2010,24120.158662728678
1,89,2005,2011,33082.087012184085
2,89,2005,2012,29477.533412841694
3,89,2005,2013,28747.705309496483
4,89,2005,2014,26428.039950449947
0,90,2002,2007,55236.75945661066
1,90,2002,2008,68632.7173360393
2,90,2002,2009,76409.38906259052
3,90,2002,2010,57107.198245320506
4,90,2002,2011,73568.77582592385
5,90,2002,2012,60617.08347904173
0,91,2008,2013,43534.64104223417
1,91,2008,2014,53435.996649813365
2,91,2008,2015,58606.69660881031
3,91,2008,2016,57372.437882768754
4,91,2008,2017,61051.947852087
5,91,2008,2018,55378.046153088675
6,91,2008,2019,75751.7405324673
0,92,2002,2007,71758.15724704658
1,92,2002,2008,56979.60565874623
2,92,2002,2009,56126.16582380735
3,92,2002,2010,57669.753471147415
4,92,2002,2011,80646.31354314343
5,92,2002,2012,63751.222447324064
6,92,2002,2013,87744.95124805665
7,92,2002,2014,86960.22249657006
8,92,2002,2015,94324.88725168763
9,92,2002,2016,87438.29194131175
0,93,2000,2005,43384.02172023094
1,93,2000,2006,39374.64111128366
0,94,2005,2010,118559.94027012838
1,94,2005,2011,92773.59861835757
2,94,2005,2012,106777.85024737932
3,94,2005,2013,129829.03866113393
4,94,2005,2014,133757.39284441643
5,94,2005,2015,146028.79827156028
6,94,2005,2016,119487.04564813849
7,94,2005,2017,168795.6984886127
8,94,2005,2018,145337.90859549175
0,95,2008,2013,68335.10290863509
1,95,2008,2014,48883.35723646534
2,95,2008,2015,66065.67616832473
3,95,2008,2016,54907.571208664674
4,95,2008,2017,65762.26074285792
0,96,2009,2014,57677.96350531991
1,96,2009,2015,71337.87960640347
2,96,2009,2016,79530.68070008104
3,96,2009,2017,81136.1049995906
4,96,2009,2018,79495.55238367617
5,96,2009,2019,66086.40195476172
0,97,2005,2010,93833.9049290268
1,97,2005,2011,105556.62508983613
2,97,2005,2012,87221.7975641908
3,97,2005,2013,94324.98067926722
0,98,2007,2012,128160.02896065997
1,98,2007,2013,122476.00086640041
2,98,2007,2014,120643.87612020592
3,98,2007,2015,104858.72799445831
0,99,2009,2014,93720.4159654632
1,99,2009,2015,99589.88523001083
2,99,2009,2016,74754.18918030159
3,99,2009,2017,100222.41601748925
4,99,2009,2018,107784.51387896563
5,99,2009,2019,87486.34667693358
0,100,2000,2005,89685.0855876131
1,100,2000,2006,74651.9122296444
2,100,2000,2007,90934.6253200018
3,100,2000,2008,94442.32985011855
4,100,2000,2009,79117.31338567447
5,100,2000,2010,109003.26476875976
6,100,2000,2011,98534.93190964543
7,100,2000,2012,101000.70861186094
8,100,2000,2013,119828.77028638242
9,100,2000,2014,112424.98926546666
0,101,2006,2011,39698.3153681789
1,101,2006,2012,61409.25334603514
2,101,2006,2013,52928.76826932901
3,101,2006,2014,61406.01990268382
4,101,2006,2015,60471.522690478465
5,101,2006,2016,72585.67071268598
6,101,2006,2017,73073.2385732827
7,101,2006,2018,69672.87425119939
8,101,2006,2019,66904.62785009276
0,102,2008,2013,65543.5971852989
1,102,2008,2014,72305.72045338516
2,102,2008,2015,104052.42175771063
3,102,2008,2016,90394.07849339688
4,102,2008,2017,93778.2567138097
5,102,2008,2018,78754.95075407483
6,102,2008,2019,111927.55704970473
0,103,2002,2007,57274.73049417006
1,103,2002,2008,67028.4832351985
0,104,2000,2005,20834.084870819945
1,104,2000,2006,17942.193699369465
2,104,2000,2007,23693.14486577656
3,104,2000,2008,26014.410581209337
4,104,2000,2009,21441.677559241733
5,104,2000,2010,28038.342063336022
0,105,2008,2013,76613.91360592406
1,105,2008,2014,89648.67831195366
0,106,2000,2005,80594.99528251815
1,106,2000,2006,72301.0115365465
2,106,2000,2007,65063.42411724875
3,106,2000,2008,84897.27546657741
4,106,2000,2009,71330.46184168984
5,106,2000,2010,89552.5179036511
6,106,2000,2011,71681.55268920977
7,106,2000,2012,85403.49370606027
8,106,2000,2013,82108.26931589952
9,106,2000,2014,79653.50659184375
0,107,2004,2009,65685.01829297002
1,107,2004,2010,79878.8842047712
2,107,2004,2011,55220.82518020178
3,107,2004,2012,64866.98377478925
4,107,2004,2013,76021.70002961256
5,107,2004,2014,81008.05895607994
0,108,2009,2014,34394.65806383824
1,108,2009,2015,42979.89959294627
2,108,2009,2016,38756.09679478179
3,108,2009,2017,44269.41239194547
4,108,2009,2018,48785.273049100455
5,108,2009,2019,49515.75166386177
0,109,2002,2007,43931.351354767176
1,109,2002,2008,56779.100719032365
2,109,2002,2009,74204.82008800618
3,109,2002,2010,58551.6374507652
4,109,2002,2011,53503.483638532285
5,109,2002,2012,66139.09712640908
6,109,2002,2013,80056.01948124134
0,110,2006,2011,27837.575218267277
1,110,2006,2012,39115.627637198086
2,110,2006,2013,40647.64905096134
3,110,2006,2014,37868.9969024725
4,110,2006,2015,40137.22692845104
5,110,2006,2016,42486.12359462036
0,111,2002,2007,58139.23443553641
1,111,2002,2008,66937.81410250609
2,111,2002,2009,53370.46929130534
3,111,2002,2010,58727.83982452821
4,111,2002,2011,73393.12655343808
5,111,2002,2012,74352.61601133947
6,111,2002,2013,65870.56004870376
0,112,2000,2005,102541.1476561443
1,112,2000,2006,96416.07248692642
2,112,2000,2007,88745.01606093303
3,112,2000,2008,110628.62170969717
4,112,2000,2009,89825.39116082039
5,112,2000,2010,103480.99859460907
6,112,2000,2011,103186.4962409328
7,112,2000,2012,97842.6771060353
8,112,2000,2013,110313.91281312842
0,113,2005,2010,72935.4282126137
1,113,2005,2011,89072.88124115541
0,114,2006,2011,34768.97168705059
1,114,2006,2012,54193.52829914948
0,115,2008,2013,37991.13097528056
1,115,2008,2014,45511.58555429761
2,115,2008,2015,40628.09079702652
3,115,2008,2016,38948.548247272825
4,115,2008,2017,51913.10056747518
5,115,2008,2018,42843.34925591039
6,115,2008,2019,43508.49188726566
0,116,2009,2014,35437.05119947549
1,116,2009,2015,36885.64835078586
2,116,2009,2016,35276.10975335206
3,116,2009,2017,30268.607922039777
0,117,2006,2011,90911.62855343476
1,117,2006,2012,101217.20779336183
2,117,2006,2013,85412.80279214101
3,117,2006,2014,100330.70265050279
4,117,2006,2015,130059.37823308038
5,117,2006,2016,115958.33084543911
0,118,2004,2009,47595.226382675355
1,118,2004,2010,70460.48673500007
2,118,2004,2011,76754.98702780563
3,118,2004,2012,82001.38603248096
4,118,2004,2013,81010.40525121755
5,118,2004,2014,87947.62208308875
6,118,2004,2015,94694.53037810427
0,119,2006,2011,32737.789312960856
1,119,2006,2012,48289.922011436836
2,119,2006,2013,47452.39061691473
3,119,2006,2014,43210.0862898143
0,120,2004,2009,64733.43948811035
1,120,2004,2010,106067.13062055936
2,120,2004,2011,103356.46957996403
3,120,2004,2012,109374.56878555786
0,121,2003,2008,114374.47284609599
1,121,2003,2009,158086.12985877614
2,121,2003,2010,162805.11318947055
3,121,2003,2011,150665.5720779399
4,121,2003,2012,137069.70591638167
5,121,2003,2013,185866.94766954717
6,121,2003,2014,193781.8598735792
7,121,2003,2015,160944.12980191837
8,121,2003,2016,200138.2987889271
0,122,2009,2014,99264.48634346473
1,122,2009,2015,141018.73659206624
2,122,2009,2016,104390.80713332044
3,122,2009,2017,145366.69670115164
4,122,2009,2018,131877.08289195088
5,122,2009,2019,161329.64978750626
0,123,2005,2010,57650.37980697918
1,123,2005,2011,73779.20441685745
2,123,2005,2012,88067.95824174442
3,123,2005,2013,99165.93583588817
4,123,2005,2014,70561.65012552713
0,124,2002,2007,43584.23486700611
1,124,2002,2008,71663.36246892731
0,125,2004,2009,94812.68510089148
1,125,2004,2010,111500.83637348848
2,125,2004,2011,113543.05831601552
3,125,2004,2012,111132.07823544242
4,125,2004,2013,119416.05707705596
5,125,2004,2014,130005.19198344975
6,125,2004,2015,129332.28488779977
7,125,2004,2016,117035.6631598195
8,125,2004,2017,117573.80360104579
9,125,2004,2018,124158.29865556651
0,126,2008,2013,56222.2773368352
1,126,2008,2014,87315.20516673937
0,127,2009,2014,76856.5936325839
1,127,2009,2015,81555.35815050305
2,127,2009,2016,90328.78334129952
3,127,2009,2017,62124.13073756782
4,127,2009,2018,82056.58760640331
5,127,2009,2019,91200.27191859946
0,128,2006,2011,69029.99326096913
1,128,2006,2012,83261.29581056077
2,128,2006,2013,99450.7855774778
3,128,2006,2014,86864.2061829795
4,128,2006,2015,102773.20305365937
5,128,2006,2016,96278.44754738372
6,128,2006,2017,116173.11130474744
7,128,2006,2018,93540.68143234658
8,128,2006,2019,93462.03649686193
0,129,2003,2008,80627.8510858832
1,129,2003,2009,87392.81488375348
2,129,2003,2010,136959.8543379467
0,130,2001,2006,59449.837831953984
1,130,2001,2007,84692.95165621104
2,130,2001,2008,83469.81561861596
3,130,2001,2009,68068.679569909
4,130,2001,2010,73039.51297749685
5,130,2001,2011,88696.61661500507
6,130,2001,2012,77847.2134183791
7,130,2001,2013,113339.4809128221
8,130,2001,2014,111297.61637389053
0,131,2005,2010,62665.66501679007
1,131,2005,2011,82087.00949787362
2,131,2005,2012,81539.14040839164
3,131,2005,2013,71577.60744257683
4,131,2005,2014,98013.78473996535
5,131,2005,2015,97134.58328366297
6,131,2005,2016,84323.39664593573
0,132,2004,2009,41790.18947972426
1,132,2004,2010,44352.49070508596
2,132,2004,2011,49669.33269069944
3,132,2004,2012,47639.208190917976
4,132,2004,2013,58737.1765932425
5,132,2004,2014,53587.35581117274
6,132,2004,2015,72532.36755936932
7,132,2004,2016,75322.74975664535
8,132,2004,2017,82450.37555926167
9,132,2004,2018,64292.98330775438
0,133,2002,2007,137314.96428440584
1,133,2002,2008,171414.30989831162
2,133,2002,2009,166318.24252733216
0,134,2005,2010,67058.56119458482
1,134,2005,2011,56316.53211366797
0,135,2006,2011,40687.945570218835
1,135,2006,2012,29369.552934681004
2,135,2006,2013,31284.182392237748
3,135,2006,2014,39794.299932266746
4,135,2006,2015,41492.509243385255
5,135,2006,2016,39276.71702399124
0,136,2009,2014,64078.58404360457
1,136,2009,2015,46619.22111173394
2,136,2009,2016,62538.228284817844
3,136,2009,2017,71034.50670788574
4,136,2009,2018,60168.43132022723
0,137,2005,2010,31516.810843135278
1,137,2005,2011,29472.14275165965
2,137,2005,2012,31258.972402321182
3,137,2005,2013,33579.55122616038
4,137,2005,2014,39586.84060183474
5,137,2005,2015,34463.20547897218
0,138,2008,2013,54077.071623148004
1,138,2008,2014,60426.06455082974
2,138,2008,2015,69750.05847786745
3,138,2008,2016,59540.705647341725
4,138,2008,2017,52483.46794762075
5,138,2008,2018,65432.21118551361
0,139,2004,2009,36790.4426488508
1,139,2004,2010,40986.12685170968
2,139,2004,2011,34025.40081745682
3,139,2004,2012,41689.48787270908
4,139,2004,2013,34156.11753065869
0,140,2005,2010,33359.78654308463
1,140,2005,2011,28201.768776922338
0,141,2000,2005,71998.17853704582
1,141,2000,2006,59024.30736803715
2,141,2000,2007,70806.59814081997
3,141,2000,2008,92078.417619206
4,141,2000,2009,74699.88209628138
5,141,2000,2010,89857.09200373064
6,141,2000,2011,105684.16976120781
0,142,2005,2010,109594.878637299
1,142,2005,2011,93924.20416640199
2,142,2005,2012,118802.74396469023
3,142,2005,2013,114336.82276351914
4,142,2005,2014,126742.08068822858
5,142,2005,2015,123105.42480199774
6,142,2005,2016,105896.65413893579
0,143,2004,2009,37507.39856034582
1,143,2004,2010,51937.20812002408
2,143,2004,2011,55342.723752816106
3,143,2004,2012,60666.27207046593
4,143,2004,2013,50606.85915028067
5,143,2004,2014,52522.53041227305
6,143,2004,2015,58415.825027637
7,143,2004,2016,50372.03042777246
0,144,2007,2012,47587.32554260927
1,144,2007,2013,56479.590081664086
2,144,2007,2014,46471.2732002175
3,144,2007,2015,61975.27694849456
4,144,2007,2016,50813.660922263574
5,144,2007,2017,50093.26435501514
6,144,2007,2018,56281.47943367614
0,145,2009,2014,43953.283443562446
1,145,2009,2015,48004.915453006826
2,145,2009,2016,40577.26645292062
3,145,2009,2017,54777.585466756886
4,145,2009,2018,54831.39487829504
5,145,2009,2019,60531.271059200415
0,146,2003,2008,107931.70207352791
1,146,2003,2009,108464.4839485665
2,146,2003,2010,100697.65884769287
3,146,2003,2011,134734.64121366764
4,146,2003,2012,138477.8747633114
5,146,2003,2013,110727.45185363866
6,146,2003,2014,125607.79308859313
7,146,2003,2015,116490.50802389704
8,146,2003,2016,154411.00657080585
9,146,2003,2017,129997.17881738144
0,147,2009,2014,32709.57056562569
1,147,2009,2015,37039.73367581345
2,147,2009,2016,39475.71657387337
3,147,2009,2017,42674.56536649734
4,147,2009,2018,51353.24137934118
5,147,2009,2019,50070.24294444075
0,148,2004,2009,50450.232385694166
1,148,2004,2010,57659.61828289122
0,149,2002,2007,36329.70459773059
1,149,2002,2008,51919.276368010025
2,149,2002,2009,43269.27922636127
3,149,2002,2010,55879.46781093886
4,149,2002,2011,49933.77562448253
0,150,2006,2011,33332.952805869405
1,150,2006,2012,45551.323688657285
2,150,2006,2013,39184.98091572987
3,150,2006,2014,45034.449470599866
4,150,2006,2015,53131.16927345291
5,150,2006,2016,45921.30991937909
6,150,2006,2017,43820.753094265696
7,150,2006,2018,47120.726738472025
0,151,2007,2012,86730.2373984186
1,151,2007,2013,94371.54086578824
2,151,2007,2014,111705.24051644898
3,151,2007,2015,131235.3322937098
4,151,2007,2016,146149.9804429563
5,151,2007,2017,129813.57417227156
6,151,2007,2018,140073.65747516023
7,151,2007,2019,167309.54171863015
0,152,2002,2007,81091.51784695053
1,152,2002,2008,71618.20649730809
2,152,2002,2009,88336.50027570668
3,152,2002,2010,83720.2120602969
4,152,2002,2011,77738.27691841101
5,152,2002,2012,96199.84317743925
0,153,2002,2007,121826.7269399048
1,153,2002,2008,116146.89495197502
2,153,2002,2009,91988.76156894278
0,154,2000,2005,20739.34123491887
1,154,2000,2006,32164.699886848073
2,154,2000,2007,22962.97841330391
0,155,2003,2008,132438.1443631813
1,155,2003,2009,93920.0588148604
2,155,2003,2010,134227.90171899393
3,155,2003,2011,129561.69546347701
4,155,2003,2012,162068.1439975587
5,155,2003,2013,156208.2415896827
6,155,2003,2014,151979.79975831645
7,155,2003,2015,172482.2691948105
0,156,2005,2010,149882.8585794103
1,156,2005,2011,155560.507101054
2,156,2005,2012,149011.56752236103
3,156,2005,2013,141486.58889324943
4,156,2005,2014,130946.87579954884
5,156,2005,2015,192766.747517849
6,156,2005,2016,201195.58320275418
7,156,2005,2017,201564.5117571741
8,156,2005,2018,196210.4439211943
9,156,2005,2019,219577.7611137691
0,157,2005,2010,103493.01893140539
1,157,2005,2011,141775.20771016122
2,157,2005,2012,134206.57664879694
3,157,2005,2013,129016.03328922151
4,157,2005,2014,120320.89654124678
5,157,2005,2015,148629.8953540213
6,157,2005,2016,143690.5640524597
7,157,2005,2017,182371.34707966633
8,157,2005,2018,145882.04401041722
0,158,2002,2007,38067.74719650639
1,158,2002,2008,49257.85081897549
2,158,2002,2009,49574.18623898615
3,158,2002,2010,39034.74731754881
4,158,2002,2011,46357.16794154314
5,158,2002,2012,49178.585998013354
6,158,2002,2013,49731.76685526544
7,158,2002,2014,54600.19656248547
0,159,2009,2014,63760.913271080724
1,159,2009,2015,94553.20790599585
0,160,2002,2007,42770.846510025745
1,160,2002,2008,33033.99281720508
2,160,2002,2009,44548.663709279484
3,160,2002,2010,40712.21145567389
4,160,2002,2011,44116.362071980955
5,160,2002,2012,55182.071440627114
6,160,2002,2013,44294.22153140268
7,160,2002,2014,48110.65068578465
0,161,2001,2006,94675.97812985112
1,161,2001,2007,87262.50308936444
2,161,2001,2008,71187.89179155127
3,161,2001,2009,100073.29071392561
4,161,2001,2010,101806.84585554719
0,162,2005,2010,44734.233255688494
1,162,2005,2011,38656.88798424263
2,162,2005,2012,43985.86275049842
3,162,2005,2013,62002.41820342055
0,163,2005,2010,51389.33442458219
1,163,2005,2011,46178.94649421836
2,163,2005,2012,60574.80823484053
3,163,2005,2013,44251.27737083417
4,163,2005,2014,64128.501250153626
5,163,2005,2015,54929.24654441214
6,163,2005,2016,66430.6761926762
0,164,2006,2011,81892.79100676214
1,164,2006,2012,78443.08389318148
2,164,2006,2013,80485.17656420567
3,164,2006,2014,111173.28657202118
4,164,2006,2015,104453.87147175377
5,164,2006,2016,99674.4354086294
6,164,2006,2017,95111.88756950399
7,164,2006,2018,98824.00376681531
8,164,2006,2019,123576.52144424639
0,165,2005,2010,113061.71279359289
1,165,2005,2011,89411.86327527344
2,165,2005,2012,121316.47224631325
3,165,2005,2013,123638.0589798569
4,165,2005,2014,121541.13344224085
5,165,2005,2015,116601.58476653874
6,165,2005,2016,148768.8431842132
7,165,2005,2017,140179.88032385573
8,165,2005,2018,138763.48781483195
0,166,2004,2009,25444.936707238692
1,166,2004,2010,30875.57714663395
2,166,2004,2011,38412.02553920524
0,167,2004,2009,22987.436265799075
1,167,2004,2010,24093.585267310176
2,167,2004,2011,24918.773788606068
0,168,2000,2005,52779.78806049698
1,168,2000,2006,49742.6636687971
2,168,2000,2007,62154.88501051766
3,168,2000,2008,52957.86949585874
4,168,2000,2009,58066.96065549378
5,168,2000,2010,71736.01463657113
6,168,2000,2011,70926.07241529705
7,168,2000,2012,66885.49771296301
8,168,2000,2013,83277.36274647068
0,169,2002,2007,54941.9325597116
1,169,2002,2008,49948.29733275122
2,169,2002,2009,39513.757104409524
3,169,2002,2010,48780.78377373589
4,169,2002,2011,51065.75961296117
0,170,2008,2013,63523.353292077714
1,170,2008,2014,57713.531388738156
2,170,2008,2015,59241.091121870966
3,170,2008,2016,65446.13892204692
4,170,2008,2017,54314.76538985454
5,170,2008,2018,67127.6838334722
6,170,2008,2019,71627.08195651534
0,171,2000,2005,29633.674719723207
1,171,2000,2006,32294.811584851486
2,171,2000,2007,40237.205259898474
3,171,2000,2008,29206.428894029417
4,171,2000,2009,37823.64140927257
5,171,2000,2010,44212.97975949777
6,171,2000,2011,42621.003654759195
0,172,2006,2011,50879.51299545939
1,172,2006,2012,48712.01242131607
2,172,2006,2013,50521.06358681997
3,172,2006,2014,55698.4039601814
4,172,2006,2015,45126.68035962301
5,172,2006,2016,55996.13385448427
6,172,2006,2017,61788.21428496528
7,172,2006,2018,61660.314192033344
8,172,2006,2019,56231.85561882879
0,173,2008,2013,98178.2558857678
1,173,2008,2014,100656.32952105698
2,173,2008,2015,100447.12305387316
3,173,2008,2016,91437.65409855553
4,173,2008,2017,91530.23156243349
5,173,2008,2018,96204.68425452942
6,173,2008,2019,114371.648045951
0,174,2006,2011,144123.51375251252
1,174,2006,2012,136510.20395632664
2,174,2006,2013,121704.9519219174
3,174,2006,2014,158208.5073070364
4,174,2006,2015,187170.92348626355
0,175,2000,2005,180528.1105942822
1,175,2000,2006,129783.94442819514
2,175,2000,2007,138217.4879710198
0,176,2001,2006,39745.38788819673
1,176,2001,2007,34784.80893977049
2,176,2001,2008,33724.36862818552
3,176,2001,2009,31770.921185236995
4,176,2001,2010,31133.504705961004
5,176,2001,2011,42271.360266934935
6,176,2001,2012,37546.927756607205
7,176,2001,2013,37461.15182973556
8,176,2001,2014,41828.151786563285
0,177,2005,2010,14695.817667920139
1,177,2005,2011,19438.921279357182
2,177,2005,2012,21584.778046629785
3,177,2005,2013,20719.38188678513
0,178,2008,2013,62231.24464568597
1,178,2008,2014,64330.067575890556
2,178,2008,2015,59690.837034947246
0,179,2001,2006,34725.678904384244
1,179,2001,2007,43311.17303192985
2,179,2001,2008,46908.50145632717
3,179,2001,2009,49669.22669662294
4,179,2001,2010,46578.715286869236
5,179,2001,2011,48967.6018715369
0,180,2008,2013,59239.290015918086
1,180,2008,2014,71333.6317643879
2,180,2008,2015,66042.7856828835
3,180,2008,2016,58468.534735773974
4,180,2008,2017,85347.78031579564
5,180,2008,2018,65899.9255001975
6,180,2008,2019,68940.4391149846
0,181,2008,2013,34378.9219638169
1,181,2008,2014,45783.51663613262
2,181,2008,2015,47832.40963117933
3,181,2008,2016,37761.459734271266
0,182,2007,2012,71798.87668794533
1,182,2007,2013,75543.78026671914
2,182,2007,2014,73779.71825627168
3,182,2007,2015,60936.657164087526
4,182,2007,2016,89928.43081204282
5,182,2007,2017,84629.52293985638
0,183,2000,2005,64465.45043074645
1,183,2000,2006,88751.16695953796
2,183,2000,2007,90235.5243153748
0,184,2001,2006,20346.24458533278
1,184,2001,2007,28898.72402822091
2,184,2001,2008,30569.398146703523
3,184,2001,2009,32523.201413813265
4,184,2001,2010,34496.06771687282
5,184,2001,2011,24867.326515622502
6,184,2001,2012,32523.02997748021
7,184,2001,2013,28486.840164562815
8,184,2001,2014,36530.97811792054
0,185,2007,2012,114925.8205493065
1,185,2007,2013,78147.70992500827
2,185,2007,2014,87343.50461857632
3,185,2007,2015,98395.36764962772
4,185,2007,2016,118471.21700407758
5,185,2007,2017,105243.82425716889
6,185,2007,2018,129472.61953953843
7,185,2007,2019,132959.30928462147
0,186,2000,2005,131308.57947765832
1,186,2000,2006,134082.05644081024
2,186,2000,2007,118990.89086894381
3,186,2000,2008,124320.7651283836
4,186,2000,2009,108054.23699812645
5,186,2000,2010,153247.48602793922
6,186,2000,2011,147748.35891167232
0,187,2001,2006,77631.04605529513
1,187,2001,2007,106056.89689656836
2,187,2001,2008,115103.12808221624
3,187,2001,2009,120761.1390407588
4,187,2001,2010,109561.45454961888
0,188,2005,2010,107759.68641237069
1,188,2005,2011,95621.33184422259
2,188,2005,2012,102412.6060140434
3,188,2005,2013,106012.79190867345
4,188,2005,2014,93071.65781256942
0,189,2007,2012,56813.93594407058
1,189,2007,2013,82635.12006025593
2,189,2007,2014,60588.543432116494
3,189,2007,2015,63976.21885599653
0,190,2009,2014,42971.983817829794
1,190,2009,2015,38152.391934454165
2,190,2009,2016,31564.87332434562
3,190,2009,2017,32893.61040729935
4,190,2009,2018,50578.98197185006
5,190,2009,2019,42304.230232378606
0,191,2007,2012,91741.67579607415
1,191,2007,2013,69502.15560179646
2,191,2007,2014,95391.3411208685
3,191,2007,2015,80076.24167987965
0,192,2003,2008,45614.42223854284
1,192,2003,2009,50108.5531164598
0,193,2009,2014,64309.91034173261
1,193,2009,2015,80187.2724985284
2,193,2009,2016,73410.35261661043
0,194,2001,2006,74736.90058955121
1,194,2001,2007,97493.00736103613
2,194,2001,2008,97487.67089767006
3,194,2001,2009,112127.40158475557
4,194,2001,2010,120561.35054249447
5,194,2001,2011,126674.87616844192
6,194,2001,2012,104833.37031585925
7,194,2001,2013,121582.13860430344
0,195,2007,2012,38079.24208698175
1,195,2007,2013,32891.4426587498
2,195,2007,2014,35750.54982069066
0,196,2001,2006,128548.20498024292
1,196,2001,2007,87268.97043113862
2,196,2001,2008,105597.48413076518
3,196,2001,2009,117849.84317801692
0,197,2008,2013,52605.32107290733
1,197,2008,2014,62661.46270795559
2,197,2008,2015,74845.1434355989
3,197,2008,2016,58218.72223541395
4,197,2008,2017,79514.01651424568
5,197,2008,2018,60215.12937024867
0,198,2001,2006,79431.0881931936
1,198,2001,2007,110673.49726572628
2,198,2001,2008,98958.30550128875
3,198,2001,2009,110849.31481898537
4,198,2001,2010,96749.8424240937
5,198,2001,2011,97303.10024359766
6,198,2001,2012,111771.22409490593
0,199,2007,2012,25837.816362872287
1,199,2007,2013,29731.460398307867
2,199,2007,2014,31620.483337802456
0,200,2000,2005,55923.0411172726
1,200,2000,2006,57408.97521952114
2,200,2000,2007,55475.20266492523
3,200,2000,2008,44125.39430349452
4,200,2000,2009,46255.90537114226
5,200,2000,2010,67817.26830935199
6,200,2000,2011,69953.32707206761
7,200,2000,2012,52963.80019724145
8,200,2000,2013,58358.525527779115
9,200,2000,2014,70330.7714791454
0,201,2006,2011,88649.94203314667
1,201,2006,2012,86846.25432223007
2,201,2006,2013,92838.4412644785
0,202,2000,2005,56038.12913940767
1,202,2000,2006,51922.63692830661
2,202,2000,2007,44257.27514132405
3,202,2000,2008,44315.620154348784
4,202,2000,2009,55702.48569012691
5,202,2000,2010,58711.20122217076
6,202,2000,2011,52302.91186427039
7,202,2000,2012,73950.5379212678
8,202,2000,2013,72323.87291505223
0,203,2009,2014,47900.235237526635
1,203,2009,2015,55120.984911884116
2,203,2009,2016,55011.75722694881
3,203,2009,2017,50766.32234793591
4,203,2009,2018,48401.98271587638
5,203,2009,2019,56491.297707517995
0,204,2001,2006,128071.59232817047
1,204,2001,2007,127301.45101565546
2,204,2001,2008,115618.32691283245
3,204,2001,2009,160191.23484410855
4,204,2001,2010,134958.4402225422
0,205,2001,2006,83782.91012043759
1,205,2001,2007,73232.39643259074
2,205,2001,2008,82724.99373041789
3,205,2001,2009,113061.3846857493
4,205,2001,2010,117972.73087944466
5,205,2001,2011,94636.86443701042
6,205,2001,2012,95590.27617699772
7,205,2001,2013,108652.40239514253
8,205,2001,2014,126038.7900037752
0,206,2007,2012,64030.38012980751
1,206,2007,2013,97425.19963182768
2,206,2007,2014,107586.10204575126
3,206,2007,2015,84973.38775695946
0,207,2006,2011,56014.22589883706
1,207,2006,2012,52724.775611028614
2,207,2006,2013,52655.097410561604
3,207,2006,2014,56083.51320395562
4,207,2006,2015,51193.77871878045
5,207,2006,2016,70814.96615976916
6,207,2006,2017,59001.93445756356
7,207,2006,2018,76558.83145405595
0,208,2004,2009,20143.037478299488
1,208,2004,2010,19294.172289525202
2,208,2004,2011,17551.404334641233
3,208,2004,2012,19703.240144563664
4,208,2004,2013,22281.28773351276
0,209,2003,2008,76182.60085404952
1,209,2003,2009,54606.395714896134
0,210,2001,2006,76017.10132642707
1,210,2001,2007,85022.6053504737
2,210,2001,2008,60892.55252858269
3,210,2001,2009,89217.32073843728
0,211,2005,2010,57340.09365476505
1,211,2005,2011,51271.428816197425
2,211,2005,2012,62420.13681082676
3,211,2005,2013,55509.587827114156
0,212,2003,2008,19323.04030542417
1,212,2003,2009,22205.92291943494
2,212,2003,2010,30613.701294960618
3,212,2003,2011,25404.996316586694
0,213,2000,2005,25966.252520565737
1,213,2000,2006,30741.42560933504
0,214,2003,2008,63367.7329576855
1,214,2003,2009,48006.62865634208
2,214,2003,2010,54233.83252916265
3,214,2003,2011,68747.98623286658
4,214,2003,2012,71041.44941626607
5,214,2003,2013,84238.17752619593
0,215,2008,2013,51834.15985650493
1,215,2008,2014,55861.24132477167
0,216,2003,2008,81731.17476862097
1,216,2003,2009,81005.14823203844
2,216,2003,2010,92733.54103202937
0,217,2007,2012,108250.17329975945
1,217,2007,2013,135740.8391966637
2,217,2007,2014,121839.48091852463
3,217,2007,2015,131599.9543863096
4,217,2007,2016,115945.19743412438
0,218,2008,2013,60411.06921348178
1,218,2008,2014,70528.44754431877
2,218,2008,2015,55856.00728111855
3,218,2008,2016,63826.943509109544
4,218,2008,2017,56987.73776183146
5,218,2008,2018,61248.786656711374
6,218,2008,2019,62616.85342403423
0,219,2003,2008,75732.25202370787
1,219,2003,2009,78198.51161969762
2,219,2003,2010,87784.17594556553
3,219,2003,2011,82321.84675602966
4,219,2003,2012,81841.81630036635
5,219,2003,2013,100619.46340201152
6,219,2003,2014,85691.09231334428
0,220,2009,2014,68193.80542779893
1,220,2009,2015,89503.41961384813
2,220,2009,2016,87931.17098540465
3,220,2009,2017,87011.78370978344
4,220,2009,2018,72678.60708136029
5,220,2009,2019,77649.47864544425
0,221,2004,2009,44446.13159422105
1,221,2004,2010,56040.17478389188
0,222,2003,2008,72313.72219653739
1,222,2003,2009,58249.75547542386
2,222,2003,2010,62311.02632655041
3,222,2003,2011,77911.47005861973
4,222,2003,2012,66541.05583094792
5,222,2003,2013,80958.97075534372
6,222,2003,2014,83483.32773952313
7,222,2003,2015,91385.23176704969
8,222,2003,2016,82418.17459213037
0,223,2003,2008,46317.93401652793
1,223,2003,2009,54118.48221462031
2,223,2003,2010,72707.36940221497
3,223,2003,2011,63269.17428115312
4,223,2003,2012,74218.98076710806
5,223,2003,2013,55220.374922852956
6,223,2003,2014,83924.82653401542
7,223,2003,2015,74540.14046052466
8,223,2003,2016,63805.370303731666
9,223,2003,2017,90071.20368839538
0,224,2006,2011,39126.72662741778
1,224,2006,2012,36381.30419237722
2,224,2006,2013,36985.11687362898
3,224,2006,2014,40478.54270140253
0,225,2008,2013,66008.80868175653
1,225,2008,2014,57699.53771920056
2,225,2008,2015,57690.27492152194
3,225,2008,2016,75109.83793783607
4,225,2008,2017,73078.59962412511
5,225,2008,2018,77618.09319016722
6,225,2008,2019,93341.92306680039
0,226,2002,2007,64814.47224803818
1,226,2002,2008,54044.23876156499
2,226,2002,2009,74296.59302356945
3,226,2002,2010,72922.33381576731
4,226,2002,2011,71669.28076149053
5,226,2002,2012,58898.80071414938
6,226,2002,2013,70799.19107018203
0,227,2002,2007,16095.26125716963
1,227,2002,2008,13045.414335363801
2,227,2002,2009,15057.630404145702
3,227,2002,2010,19652.072301631204
4,227,2002,2011,17470.290586759333
0,228,2000,2005,38488.77986377857
1,228,2000,2006,44333.15404516976
2,228,2000,2007,53426.90308861925
3,228,2000,2008,52077.69953816534
4,228,2000,2009,58417.90744190913
5,228,2000,2010,51008.16768961037
0,229,2000,2005,69726.74373883463
1,229,2000,2006,58500.05232294482
2,229,2000,2007,76351.25787462069
3,229,2000,2008,67760.57981077218
4,229,2000,2009,62142.040829238875
5,229,2000,2010,85872.36982479757
6,229,2000,2011,75116.81621879175
7,229,2000,2012,101174.63067814153
8,229,2000,2013,97607.42418914345
0,230,2006,2011,44401.71603549749
1,230,2006,2012,44652.95044785095
0,231,2008,2013,47880.61032571408
1,231,2008,2014,49865.60481857201
2,231,2008,2015,53638.669923226575
3,231,2008,2016,63640.807438937205
4,231,2008,2017,63850.517739769006
5,231,2008,2018,61837.33384873835
6,231,2008,2019,70669.2137277219
0,232,2007,2012,32440.99421244091
1,232,2007,2013,50652.06369525577
2,232,2007,2014,46043.62419401613
3,232,2007,2015,38707.976409584175
4,232,2007,2016,48140.4428559488
5,232,2007,2017,45494.78754849458
6,232,2007,2018,53918.165865064686
7,232,2007,2019,51471.97646558342
0,233,2001,2006,31317.746622739767
1,233,2001,2007,49599.10938848498
2,233,2001,2008,36226.92348045756
3,233,2001,2009,47519.834572010535
4,233,2001,2010,53978.238906904284
5,233,2001,2011,54013.4693476354
0,234,2001,2006,78213.68225797599
1,234,2001,2007,57561.50926707991
2,234,2001,2008,72551.86178671884
3,234,2001,2009,77413.10416273499
4,234,2001,2010,96492.16377831266
5,234,2001,2011,71443.19090956375
6,234,2001,2012,104030.6189374728
0,235,2002,2007,63416.89971136555
1,235,2002,2008,56815.52796326931
0,236,2000,2005,47987.93389260402
1,236,2000,2006,53793.740418191665
0,237,2009,2014,53502.46823844588
1,237,2009,2015,37669.821410493896
2,237,2009,2016,52369.07733811278
3,237,2009,2017,43235.99950482721
4,237,2009,2018,50237.29276200188
5,237,2009,2019,49939.31806671957
0,238,2006,2011,87332.80196362124
1,238,2006,2012,92308.1525445579
2,238,2006,2013,106422.35571856574
0,239,2006,2011,41943.17166452926
1,239,2006,2012,53893.52950054107
2,239,2006,2013,63862.8597594929
3,239,2006,2014,59654.5822278956
4,239,2006,2015,71909.19041400886
5,239,2006,2016,69448.63679158645
6,239,2006,2017,71526.05555469784
7,239,2006,2018,78904.8291765958
0,240,2001,2006,50554.985778093505
1,240,2001,2007,49023.18678250966
2,240,2001,2008,48529.5733926331
0,241,2003,2008,49641.859231812465
1,241,2003,2009,76716.52962244758
2,241,2003,2010,68684.53084681663
3,241,2003,2011,74844.30200561072
4,241,2003,2012,86208.07030872651
5,241,2003,2013,64674.55940609766
6,241,2003,2014,67936.85701484636
7,241,2003,2015,92439.47290311303
0,242,2000,2005,33501.302163696586
1,242,2000,2006,33558.689523104826
0,243,2000,2005,51580.3259203961
1,243,2000,2006,49025.27406509793
2,243,2000,2007,53242.78445553247
0,244,2006,2011,107493.39668753068
1,244,2006,2012,114606.26065247574
2,244,2006,2013,132925.0030685388
3,244,2006,2014,133938.67253248513
4,244,2006,2015,164802.81482904498
5,244,2006,2016,146758.5720065974
6,244,2006,2017,200997.38757780215
7,244,2006,2018,185420.1628721461
0,245,2001,2006,31473.14704303555
1,245,2001,2007,22720.318577286784
2,245,2001,2008,29444.89324789838
3,245,2001,2009,26435.950614846264
4,245,2001,2010,37098.43462947548
5,245,2001,2011,26952.240185092473
6,245,2001,2012,32298.01550413443
7,245,2001,2013,40002.99464653725
8,245,2001,2014,36591.645921168514
0,246,2004,2009,39969.861482871725
1,246,2004,2010,43395.05489372642
2,246,2004,2011,43118.48880907722
3,246,2004,2012,56285.25061190442
4,246,2004,2013,50163.98665179671
0,247,2006,2011,70746.96267380455
1,247,2006,2012,77989.01471806009
2,247,2006,2013,91675.00772526635
3,247,2006,2014,81334.73649451407
4,247,2006,2015,75233.0990980996
5,247,2006,2016,91449.99475160993
0,248,2005,2010,100954.22414251974
1,248,2005,2011,95910.74038697085
2,248,2005,2012,98974.9640594004
0,249,2007,2012,28118.142818314474
1,249,2007,2013,29390.865642927503
2,249,2007,2014,36464.9341482663
3,249,2007,2015,42593.945566990216
4,249,2007,2016,37482.717987791235
5,249,2007,2017,50502.36743669005
6,249,2007,2018,47419.39302031803
0,250,2008,2013,61338.59479995009
1,250,2008,2014,68734.56926002314
2,250,2008,2015,65842.85284752559
3,250,2008,2016,79002.23502857167
4,250,2008,2017,74207.65955776807
5,250,2008,2018,69793.23967423405
0,251,2003,2008,69369.56407286214
1,251,2003,2009,75906.17097640918
2,251,2003,2010,68231.98900843666
3,251,2003,2011,88262.38033582843
4,251,2003,2012,62902.64786224895
0,252,2003,2008,97844.76532861959
1,252,2003,2009,127178.96052189167
2,252,2003,2010,104232.0784958346
3,252,2003,2011,122623.7125128775
4,252,2003,2012,132367.86479252545
5,252,2003,2013,116306.54785462997
6,252,2003,2014,119072.44723301296
0,253,2002,2007,44562.83057304005
1,253,2002,2008,35306.331094723035
2,253,2002,2009,45428.42780072935
3,253,2002,2010,56160.986691249986
4,253,2002,2011,53256.43124049695
0,254,2009,2014,65903.34007330549
1,254,2009,2015,91080.9326319135
2,254,2009,2016,106694.17007859032
3,254,2009,2017,99455.31124371804
4,254,2009,2018,112883.76627050355
5,254,2009,2019,113289.26475518676
0,255,2009,2014,26757.648400920225
1,255,2009,2015,27561.494266168684
2,255,2009,2016,40304.73040865127
3,255,2009,2017,29486.128117819848
4,255,2009,2018,37673.862408636356
5,255,2009,2019,39684.50277508143
0,256,2002,2007,37523.59399945393
1,256,2002,2008,46386.72876515044
2,256,2002,2009,47914.1144989842
3,256,2002,2010,53583.0482387332
4,256,2002,2011,50442.83586809894
5,256,2002,2012,63191.45002751803
6,256,2002,2013,53855.83776866362
7,256,2002,2014,61569.43713893233
8,256,2002,2015,55395.777413853306
9,256,2002,2016,54831.31446650096
0,257,2004,2009,99945.36976771793
1,257,2004,2010,105929.85583059194
0,258,2003,2008,27273.854205318956
1,258,2003,2009,40015.48482324063
2,258,2003,2010,30284.80721177423
3,258,2003,2011,36365.57305891652
4,258,2003,2012,43166.30505616498
5,258,2003,2013,40875.9409070723
6,258,2003,2014,44359.32307419465
7,258,2003,2015,38732.82339658487
8,258,2003,2016,51931.28738745382
0,259,2001,2006,27104.543052482768
1,259,2001,2007,24204.41666245518
2,259,2001,2008,27417.546062613816
3,259,2001,2009,28247.65516205315
4,259,2001,2010,27564.0226720739
5,259,2001,2011,27656.753332635406
6,259,2001,2012,24724.147646290407
0,260,2004,2009,47861.27157173165
1,260,2004,2010,60136.26615078315
2,260,2004,2011,59401.738244383196
3,260,2004,2012,59292.794412497264
4,260,2004,2013,64697.338023620534
5,260,2004,2014,49982.48066507236
6,260,2004,2015,60473.04567586905
7,260,2004,2016,67930.35995783235
0,261,2009,2014,105907.30609261
1,261,2009,2015,134222.13424485055
0,262,2000,2005,55327.49469960468
1,262,2000,2006,43894.88786805486
2,262,2000,2007,62943.29024250069
3,262,2000,2008,51423.00512654204
4,262,2000,2009,68678.9680636883
5,262,2000,2010,62307.33435317187
6,262,2000,2011,65649.38279682379
7,262,2000,2012,62636.59910617148
8,262,2000,2013,64412.64070922262
9,262,2000,2014,81722.98642185438
0,263,2001,2006,37365.09855511009
1,263,2001,2007,40404.536085816486
2,263,2001,2008,53489.60256624644
3,263,2001,2009,55722.26487110938
4,263,2001,2010,56757.756415559095
5,263,2001,2011,47930.27136167877
6,263,2001,2012,57599.538293057034
0,264,2005,2010,79523.47245514614
1,264,2005,2011,66930.24057263654
2,264,2005,2012,74518.0326701898
3,264,2005,2013,85473.6676978434
4,264,2005,2014,90659.064973745
0,265,2008,2013,21978.164798691992
1,265,2008,2014,26428.44775478819
2,265,2008,2015,25604.440862650707
3,265,2008,2016,27271.909371932445
4,265,2008,2017,27158.90104264388
5,265,2008,2018,32249.431306067796
0,266,2002,2007,102374.0116002079
1,266,2002,2008,67138.9329975941
2,266,2002,2009,100553.44402514747
3,266,2002,2010,101767.8535727028
0,267,2009,2014,36194.54225958123
1,267,2009,2015,45231.75402285581
2,267,2009,2016,51879.11801295956
3,267,2009,2017,52905.35169858543
0,268,2006,2011,50166.11055865416
1,268,2006,2012,42539.00347091525
2,268,2006,2013,47514.124702942936
3,268,2006,2014,50800.47845137258
4,268,2006,2015,59250.357995785365
5,268,2006,2016,56938.46378996017
6,268,2006,2017,58799.87556014399
7,268,2006,2018,64544.886547081005
8,268,2006,2019,55035.09769478806
0,269,2000,2005,41748.57526512839
1,269,2000,2006,47233.739728482535
2,269,2000,2007,49678.93195034919
3,269,2000,2008,56871.73296055365
4,269,2000,2009,56905.20268738919
5,269,2000,2010,54298.70596084452
0,270,2003,2008,47751.46948848409
1,270,2003,2009,65233.84017867531
2,270,2003,2010,67231.76672831386
3,270,2003,2011,69124.94027126113
4,270,2003,2012,59042.086833570174
5,270,2003,2013,64788.23457798338
6,270,2003,2014,81510.29058069813
7,270,2003,2015,77877.0510183677
8,270,2003,2016,79984.59619107629
9,270,2003,2017,87407.39509364832
0,271,2001,2006,86831.1791427574
1,271,2001,2007,91232.25701468959
2,271,2001,2008,82518.46280341945
3,271,2001,2009,89295.09918410909
4,271,2001,2010,114210.48122866034
5,271,2001,2011,133207.3742978709
6,271,2001,2012,115330.09412649854
7,271,2001,2013,100551.55532303404
0,272,2006,2011,52496.6833934884
1,272,2006,2012,46284.434549202895
2,272,2006,2013,48603.631586074895
3,272,2006,2014,57956.883408228125
0,273,2001,2006,90463.91231800352
1,273,2001,2007,127913.95495359409
2,273,2001,2008,87934.47318959226
3,273,2001,2009,134646.1468725237
4,273,2001,2010,127693.82394252936
5,273,2001,2011,139383.6396384154
6,273,2001,2012,144837.85716204494
7,273,2001,2013,117317.26277085794
8,273,2001,2014,132047.77912945455
9,273,2001,2015,127228.25815292902
0,274,2009,2014,192173.76451711386
1,274,2009,2015,158237.36402263615
2,274,2009,2016,201141.75455088267
3,274,2009,2017,226915.76023534732
4,274,2009,2018,205539.42933362437
0,275,2005,2010,30714.30844103219
1,275,2005,2011,33560.41700492595
2,275,2005,2012,31566.643735896738
3,275,2005,2013,33661.93292996271
4,275,2005,2014,39516.30817999669
5,275,2005,2015,47863.7565234354
0,276,2007,2012,65124.64022097152
1,276,2007,2013,47513.15368681483
2,276,2007,2014,47160.27498701093
3,276,2007,2015,64329.03865573912
4,276,2007,2016,73024.71959262341
5,276,2007,2017,69988.56947782454
6,276,2007,2018,70391.90880223352
7,276,2007,2019,74397.31859680446
0,277,2008,2013,31464.997710512886
1,277,2008,2014,28154.992946208105
2,277,2008,2015,31925.4697374947
3,277,2008,2016,31176.2769545153
4,277,2008,2017,32923.57793455203
5,277,2008,2018,41546.26927981552
0,278,2000,2005,29472.47596592468
1,278,2000,2006,27845.554843088936
2,278,2000,2007,37813.291885050734
0,279,2007,2012,48590.073836179654
1,279,2007,2013,51665.25100286518
2,279,2007,2014,40246.190834180314
3,279,2007,2015,39931.20649968968
4,279,2007,2016,56074.64196710111
0,280,2005,2010,24956.60401713389
1,280,2005,2011,25090.722541548348
2,280,2005,2012,23428.86626861592
3,280,2005,2013,25024.917104149685
4,280,2005,2014,26647.71310867157
5,280,2005,2015,27098.058204585355
6,280,2005,2016,26465.975536406182
7,280,2005,2017,25993.101908483735
8,280,2005,2018,32749.436405103115
0,281,2008,2013,59701.277973878154
1,281,2008,2014,56198.66977565598
2,281,2008,2015,63260.09431507608
3,281,2008,2016,66459.78488440943
4,281,2008,2017,72127.45777693998
5,281,2008,2018,58188.22490717947
6,281,2008,2019,81367.1235734524
0,282,2003,2008,98219.41347911739
1,282,2003,2009,102570.2321105482
2,282,2003,2010,108041.11560746143
3,282,2003,2011,92055.54850634532
4,282,2003,2012,115425.26373188903
5,282,2003,2013,122535.24331845118
6,282,2003,2014,93741.96669020744
7,282,2003,2015,99022.21906103124
8,282,2003,2016,122228.74644570584
0,283,2003,2008,50658.17194242739
1,283,2003,2009,43987.096779662636
2,283,2003,2010,38001.374677549524
3,283,2003,2011,44009.86210609362
4,283,2003,2012,54758.43974410466
5,283,2003,2013,44868.22131111115
6,283,2003,2014,56394.08402115173
7,283,2003,2015,49882.30370215132
0,284,2009,2014,93975.50615589168
1,284,2009,2015,91817.66038218704
2,284,2009,2016,71004.99115124322
3,284,2009,2017,100030.86210171174
4,284,2009,2018,95233.0733914955
5,284,2009,2019,79221.0687884208
0,285,2006,2011,71221.41623297856
1,285,2006,2012,61604.21397702435
2,285,2006,2013,55207.438330133664
3,285,2006,2014,66056.72149222452
4,285,2006,2015,64139.76080354095
5,285,2006,2016,84777.51641953619
6,285,2006,2017,69474.29166792595
0,286,2008,2013,25476.226359958662
1,286,2008,2014,19073.42130994297
2,286,2008,2015,27781.46037878896
0,287,2000,2005,23838.725020006183
1,287,2000,2006,25072.721964654043
2,287,2000,2007,27796.3307333136
3,287,2000,2008,26591.535832765414
4,287,2000,2009,32855.47555368208
5,287,2000,2010,33173.2704914069
0,288,2004,2009,85181.14692332664
1,288,2004,2010,66793.81187326458
2,288,2004,2011,62476.77649936607
3,288,2004,2012,90720.27748466867
4,288,2004,2013,93133.49783253127
5,288,2004,2014,103914.18354498976
6,288,2004,2015,87308.38428354234
7,288,2004,2016,78819.69144453936
0,289,2003,2008,60117.777041114
1,289,2003,2009,85419.90182189627
2,289,2003,2010,94112.7144985432
0,290,2001,2006,60047.62322824565
1,290,2001,2007,69107.35861531043
2,290,2001,2008,63933.85341522757
3,290,2001,2009,61333.29166729278
4,290,2001,2010,81036.78278849236
5,290,2001,2011,72120.92854227156
6,290,2001,2012,74829.75877328389
7,290,2001,2013,89382.2250048216
0,291,2009,2014,96415.6974221321
1,291,2009,2015,104515.50995172682
2,291,2009,2016,107625.53622444464
3,291,2009,2017,117493.37480595795
4,291,2009,2018,111335.31420240122
5,291,2009,2019,117959.67896464682
0,292,2000,2005,60611.53669280191
1,292,2000,2006,50637.300766235174
2,292,2000,2007,59211.58414791294
0,293,2007,2012,146666.81940783383
1,293,2007,2013,179502.41588302838
0,294,2000,2005,44551.21114566958
1,294,2000,2006,35091.76082972721
2,294,2000,2007,50799.1647063746
3,294,2000,2008,47810.718553542065
0,295,2009,2014,50915.17695956617
1,295,2009,2015,51546.44918524814
0,296,2001,2006,123640.6398210281
1,296,2001,2007,144807.94087631148
2,296,2001,2008,138643.39410982697
3,296,2001,2009,119650.71975386422
4,296,2001,2010,114262.25596709353
5,296,2001,2011,137318.5409469965
0,297,2008,2013,127215.94461952578
1,297,2008,2014,94774.18101952125
2,297,2008,2015,136138.58663093043
3,297,2008,2016,139182.39009579507
4,297,2008,2017,144334.8641774075
5,297,2008,2018,150506.26801585435
0,298,2004,2009,103910.34067828089
1,298,2004,2010,132616.01638192253
2,298,2004,2011,107542.83965576033
0,299,2008,2013,24855.393073221803
1,299,2008,2014,27175.143665469208
2,299,2008,2015,29335.83400405776
0,300,2001,2006,31770.17860004211
1,300,2001,2007,38673.51276242377
2,300,2001,2008,47918.09552649347
3,300,2001,2009,40469.34529870755
4,300,2001,2010,37821.032210665275
5,300,2001,2011,42968.755667479476
6,300,2001,2012,52938.65038444199
7,300,2001,2013,42566.86521260365
0,301,2004,2009,44178.86148757464
1,301,2004,2010,52451.15495205235
2,301,2004,2011,51385.89270547813
3,301,2004,2012,65062.53417940826
4,301,2004,2013,54335.38429482021
0,302,2002,2007,95308.58518186839
1,302,2002,2008,96363.6812627317
2,302,2002,2009,87041.47285888561
3,302,2002,2010,99905.4084282329
4,302,2002,2011,108717.1949041055
5,302,2002,2012,115466.45323495007
6,302,2002,2013,97063.45932519592
7,302,2002,2014,116810.40450345221
0,303,2007,2012,135395.55425423672
1,303,2007,2013,138918.62563052736
2,303,2007,2014,128800.98260510067
3,303,2007,2015,126109.39118290327
4,303,2007,2016,113578.2905225805
5,303,2007,2017,136520.115621941
0,304,2001,2006,54813.5507304627
1,304,2001,2007,55861.16689672844
2,304,2001,2008,43381.11161882472
3,304,2001,2009,54046.970964636326
4,304,2001,2010,53506.2793539183
0,305,2003,2008,72262.00458870061
1,305,2003,2009,90478.24313377499
2,305,2003,2010,111652.79457072601
3,305,2003,2011,111472.78566658037
4,305,2003,2012,122363.71799335929
5,305,2003,2013,111899.31581043081
6,305,2003,2014,94999.29108850716
7,305,2003,2015,135459.54196442047
8,305,2003,2016,136139.7047942209
9,305,2003,2017,121654.58626173859
0,306,2005,2010,35246.18911279803
1,306,2005,2011,28908.5257494425
2,306,2005,2012,36390.43949379109
3,306,2005,2013,36499.15692625136
4,306,2005,2014,36613.26987066022
5,306,2005,2015,35912.33492255888
0,307,2005,2010,83191.66180409343
1,307,2005,2011,86926.90501159769
2,307,2005,2012,91128.68269095912
3,307,2005,2013,81839.16708728718
0,308,2007,2012,96958.04849855686
1,308,2007,2013,72321.0971767434
2,308,2007,2014,106144.60412297928
3,308,2007,2015,109197.98573209438
4,308,2007,2016,104559.41473333043
5,308,2007,2017,106190.31040364913
6,308,2007,2018,122134.06001582205
7,308,2007,2019,123571.14335906209
0,309,2005,2010,32976.809120499645
1,309,2005,2011,32800.935713779756
2,309,2005,2012,36255.98853586663
3,309,2005,2013,43104.670451709855
4,309,2005,2014,37666.216040109764
5,309,2005,2015,41368.934544931944
6,309,2005,2016,42044.7035920298
7,309,2005,2017,41455.498118090574
8,309,2005,2018,42482.80456233637
0,310,2008,2013,61631.76451539722
1,310,2008,2014,74811.41303572679
2,310,2008,2015,61134.83112751252
3,310,2008,2016,91950.88958841005
4,310,2008,2017,69859.63440574188
5,310,2008,2018,69085.22505008326
6,310,2008,2019,100450.7169118367
0,311,2006,2011,74141.53222164814
1,311,2006,2012,71615.93587193021
0,312,2009,2014,85251.07607146646
1,312,2009,2015,76910.33548600401
0,313,2004,2009,49452.22961137995
1,313,2004,2010,62954.438968612536
2,313,2004,2011,69280.60943169538
3,313,2004,2012,68235.05858765196
4,313,2004,2013,64050.52787553251
5,313,2004,2014,72762.9164412253
6,313,2004,2015,85794.70057200217
7,313,2004,2016,69514.5644192293
8,313,2004,2017,74380.69813887891
9,313,2004,2018,78331.39811249664
0,314,2009,2014,73979.69508902289
1,314,2009,2015,76118.53544340024
2,314,2009,2016,74466.23516964065
3,314,2009,2017,83006.45376407697
4,314,2009,2018,83493.43665466506
5,314,2009,2019,75675.3380613843
0,315,2008,2013,79342.82540726538
1,315,2008,2014,100662.46098505321
0,316,2002,2007,57230.21427003136
1,316,2002,2008,39818.681376821674
0,317,2000,2005,33731.807993582384
1,317,2000,2006,42604.26564787629
0,318,2002,2007,59993.498717530456
1,318,2002,2008,48558.444462021755
2,318,2002,2009,51405.79257143078
3,318,2002,2010,73049.22035520399
4,318,2002,2011,52660.97576432008
5,318,2002,2012,65267.65744088389
6,318,2002,2013,72858.42539139462
7,318,2002,2014,59894.23269297588
8,318,2002,2015,66495.01703895221
0,319,2007,2012,86048.67339768911
1,319,2007,2013,96995.78549278533
2,319,2007,2014,91575.28365148194
3,319,2007,2015,117346.97992707479
4,319,2007,2016,106809.92710137986
5,319,2007,2017,100676.07166695637
6,319,2007,2018,93760.53500471232
7,319,2007,2019,128603.98283918187
0,320,2005,2010,70532.4689650741
1,320,2005,2011,82304.94387009103
2,320,2005,2012,60928.99445164082
3,320,2005,2013,94835.5811604912
4,320,2005,2014,93729.53947286378
5,320,2005,2015,75617.7792744382
6,320,2005,2016,78118.2957562558
7,320,2005,2017,105269.23598860516
8,320,2005,2018,93573.06862552534
9,320,2005,2019,98259.09593171322
0,321,2008,2013,34238.234210462244
1,321,2008,2014,48539.03304740365
0,322,2000,2005,25410.527181261623
1,322,2000,2006,30511.7244350969
2,322,2000,2007,30149.31803948619
3,322,2000,2008,33746.38526244323
4,322,2000,2009,34480.5712351785
0,323,2009,2014,92353.36840579518
1,323,2009,2015,70422.6084989523
2,323,2009,2016,102039.62027575816
3,323,2009,2017,100715.49026101019
4,323,2009,2018,89361.90996124993
5,323,2009,2019,113246.3920664479
0,324,2000,2005,37841.08359596242
1,324,2000,2006,45366.69216898351
2,324,2000,2007,39577.284320275154
3,324,2000,2008,44715.43475325569
4,324,2000,2009,48322.18939732059
5,324,2000,2010,49778.715199372
6,324,2000,2011,51481.38774457223
7,324,2000,2012,52435.199507619254
0,325,2008,2013,65795.81071824889
1,325,2008,2014,65391.48543045201
2,325,2008,2015,77419.42660648556
3,325,2008,2016,87101.0889665613
0,326,2000,2005,54086.423509069486
1,326,2000,2006,40705.694669343044
2,326,2000,2007,56671.806340209325
3,326,2000,2008,43067.60722169431
0,327,2008,2013,43990.36230984898
1,327,2008,2014,46795.502800096445
2,327,2008,2015,65181.5175381879
3,327,2008,2016,51367.98490382306
0,328,2004,2009,123232.54099261784
1,328,2004,2010,163628.78785025273
2,328,2004,2011,161398.35506465653
3,328,2004,2012,154664.92197987324
0,329,2004,2009,61271.94507342029
1,329,2004,2010,65646.78318808961
2,329,2004,2011,62106.46292299305
3,329,2004,2012,65666.27279295029
4,329,2004,2013,70837.85440069331
5,329,2004,2014,74243.10056409487
6,329,2004,2015,61096.1957737154
7,329,2004,2016,64954.746550742784
8,329,2004,2017,59082.74796344991
9,329,2004,2018,85209.79941405884
0,330,2007,2012,53416.91507321071
1,330,2007,2013,65955.35923888595
2,330,2007,2014,62404.93050431201
3,330,2007,2015,76576.81212955165
4,330,2007,2016,75942.9192926033
5,330,2007,2017,80899.71351900278
6,330,2007,2018,80745.77091880814
0,331,2006,2011,87085.10826079968
1,331,2006,2012,87724.16463360615
2,331,2006,2013,112199.58149436123
3,331,2006,2014,141162.25666094018
4,331,2006,2015,137749.69037823964
5,331,2006,2016,118863.22245969347
6,331,2006,2017,149301.50705878055
0,332,2005,2010,28811.834830245487
1,332,2005,2011,41228.06189299626
2,332,2005,2012,41048.32289913542
3,332,2005,2013,43457.081978186514
4,332,2005,2014,41924.65692187721
5,332,2005,2015,47343.82008319886
6,332,2005,2016,44932.802019835784
7,332,2005,2017,48298.64095330431
0,333,2009,2014,153800.53611638842
1,333,2009,2015,177360.98577101546
2,333,2009,2016,180280.17781397037
3,333,2009,2017,148041.09233363238
0,334,2007,2012,87249.16368161737
1,334,2007,2013,67501.96972601868
0,335,2003,2008,66438.34911264954
1,335,2003,2009,82959.10751583353
2,335,2003,2010,89252.50330859258
3,335,2003,2011,100735.53528349588
4,335,2003,2012,114867.65517202768
5,335,2003,2013,126702.49871529436
6,335,2003,2014,131368.237441095
7,335,2003,2015,97474.2671182741
8,335,2003,2016,126544.5666064391
0,336,2008,2013,90017.41039432572
1,336,2008,2014,70331.02196925266
2,336,2008,2015,96907.72159495593
3,336,2008,2016,94937.3695498399
4,336,2008,2017,102072.08790355676
5,336,2008,2018,84521.781416762
6,336,2008,2019,106484.28045669275
0,337,2009,2014,70212.69800918829
1,337,2009,2015,50093.219946805235
2,337,2009,2016,57449.93546525237
3,337,2009,2017,61432.41626246234
4,337,2009,2018,69950.68861158032
5,337,2009,2019,73037.24206902669
0,338,2009,2014,24972.850079341828
1,338,2009,2015,21318.29941992723
2,338,2009,2016,26964.182747245217
3,338,2009,2017,28611.31596906845
0,339,2007,2012,41236.431586760904
1,339,2007,2013,36266.75585327507
0,340,2000,2005,25902.65622182439
1,340,2000,2006,26496.172288371894
2,340,2000,2007,38892.000686772655
3,340,2000,2008,38887.18452659056
4,340,2000,2009,35809.08328340373
5,340,2000,2010,40115.378290375455
6,340,2000,2011,44549.58136514802
7,340,2000,2012,34259.86627343266
8,340,2000,2013,36376.84285340718
0,341,2003,2008,43089.928401269026
1,341,2003,2009,57389.42539701162
2,341,2003,2010,55118.937911505396
0,342,2005,2010,59779.894435561626
1,342,2005,2011,80414.33223033711
0,343,2005,2010,156609.8486621322
1,343,2005,2011,246684.63521515168
2,343,2005,2012,225212.82966125003
3,343,2005,2013,267425.7301708335
4,343,2005,2014,246810.06657066374
5,343,2005,2015,213885.7409248782
6,343,2005,2016,233214.38531839507
7,343,2005,2017,279969.4565347816
8,343,2005,2018,245797.03320420336
9,343,2005,2019,234238.56376885177
0,344,2003,2008,30383.20183186685
1,344,2003,2009,30166.94753413315
2,344,2003,2010,28551.293961608917
3,344,2003,2011,26925.972345536382
4,344,2003,2012,34295.79871400752
5,344,2003,2013,29541.366541977466
6,344,2003,2014,37460.03997577646
7,344,2003,2015,39298.96421890637
8,344,2003,2016,31661.927940479785
9,344,2003,2017,33502.42256348082
0,345,2003,2008,33191.8941133322
1,345,2003,2009,47802.130242082334
2,345,2003,2010,49473.82434104035
3,345,2003,2011,43202.066879644124
4,345,2003,2012,52415.352559162544
0,346,2002,2007,164549.83289950172
1,346,2002,2008,175206.0211877865
2,346,2002,2009,183978.2646306265
3,346,2002,2010,196235.9599382858
4,346,2002,2011,208805.25825784195
0,347,2005,2010,27008.025859367706
1,347,2005,2011,31204.170544648812
2,347,2005,2012,21826.39753663413
3,347,2005,2013,26867.009061138422
4,347,2005,2014,29644.597507052695
5,347,2005,2015,26237.794146579927
6,347,2005,2016,35952.46468246309
7,347,2005,2017,36038.64431035059
0,348,2003,2008,67962.2847727403
1,348,2003,2009,70895.43230501979
2,348,2003,2010,61019.55931027799
3,348,2003,2011,76110.71387297478
4,348,2003,2012,66504.29799938055
5,348,2003,2013,75280.77849195682
6,348,2003,2014,84706.7685037043
0,349,2000,2005,77775.05160654003
1,349,2000,2006,75986.29682034864
2,349,2000,2007,79284.47856461743
0,350,2002,2007,50656.38989814804
1,350,2002,2008,44246.91469778042
0,351,2007,2012,114068.42213996116
1,351,2007,2013,94137.45729682199
2,351,2007,2014,131127.24939749693
3,351,2007,2015,135781.71272501507
4,351,2007,2016,129298.15794723085
5,351,2007,2017,132736.66426620097
0,352,2005,2010,37255.503300635355
1,352,2005,2011,36222.81246941888
2,352,2005,2012,37676.85452037243
3,352,2005,2013,41810.22079763517
0,353,2008,2013,117112.1239921342
1,353,2008,2014,105039.51581635162
2,353,2008,2015,104439.58532803137
0,354,2000,2005,53782.87717370369
1,354,2000,2006,49571.41006434488
0,355,2003,2008,49554.398113737596
1,355,2003,2009,55791.05479495676
2,355,2003,2010,56531.1167311893
3,355,2003,2011,62912.40854036121
4,355,2003,2012,65684.03608842714
5,355,2003,2013,74016.06866176132
6,355,2003,2014,94283.81524084836
7,355,2003,2015,86572.77797311844
0,356,2003,2008,73757.45268389974
1,356,2003,2009,81211.3937466455
0,357,2008,2013,35623.54122301294
1,357,2008,2014,43566.02083406549
2,357,2008,2015,44246.883044008406
3,357,2008,2016,34923.476524163896
4,357,2008,2017,50749.15973499789
0,358,2009,2014,43588.64414839985
1,358,2009,2015,38397.889295938316
2,358,2009,2016,44250.7510834344
3,358,2009,2017,43236.19952498775
0,359,2008,2013,78389.67612266699
1,359,2008,2014,89933.67238104269
2,359,2008,2015,73648.35623016275
3,359,2008,2016,90748.10373155859
4,359,2008,2017,87419.54385291807
5,359,2008,2018,101287.73164379047
6,359,2008,2019,107985.09468467292
0,360,2001,2006,89502.76000306354
1,360,2001,2007,94602.07867579498
2,360,2001,2008,115598.91362018141
3,360,2001,2009,108451.79827568778
4,360,2001,2010,120545.55099939714
5,360,2001,2011,126896.26040813641
0,361,2005,2010,95554.55606752048
1,361,2005,2011,112159.28779614325
2,361,2005,2012,87403.46505680944
0,362,2004,2009,91917.7578382806
1,362,2004,2010,105224.7072953077
2,362,2004,2011,116602.9642291608
3,362,2004,2012,118217.1551088588
4,362,2004,2013,121545.24629742888
0,363,2008,2013,82005.45572552421
1,363,2008,2014,90973.87518472195
2,363,2008,2015,110789.0886610218
3,363,2008,2016,107581.15584506658
4,363,2008,2017,128560.54953696765
5,363,2008,2018,102453.83805026456
0,364,2006,2011,85480.91200740085
1,364,2006,2012,65653.52178081004
2,364,2006,2013,69616.70058174952
0,365,2002,2007,107121.59500931508
1,365,2002,2008,101705.59978174507
2,365,2002,2009,108915.0793842079
0,366,2008,2013,45216.865362002674
1,366,2008,2014,48837.218427271364
2,366,2008,2015,44553.59123268502
3,366,2008,2016,49663.544757711905
4,366,2008,2017,52547.037368993035
5,366,2008,2018,65982.48934827006
6,366,2008,2019,58512.38330357428
0,367,2009,2014,100745.55101382801
1,367,2009,2015,75169.49315425845
2,367,2009,2016,87957.87001652739
3,367,2009,2017,113291.77768436415
4,367,2009,2018,87313.08374632416
5,367,2009,2019,97287.77723019154
0,368,2003,2008,31099.141466376925
1,368,2003,2009,43378.94943786268
2,368,2003,2010,35168.38933510328
0,369,2008,2013,22336.992053686914
1,369,2008,2014,19285.814447733188
2,369,2008,2015,20456.889342654475
3,369,2008,2016,20006.12099466698
4,369,2008,2017,31194.41876043108
5,369,2008,2018,25459.60818375087
6,369,2008,2019,25001.71279235729
0,370,2001,2006,52741.94290905223
1,370,2001,2007,50263.74179931619
2,370,2001,2008,49358.14550790603
0,371,2009,2014,29135.630044299403
1,371,2009,2015,31156.48711147402
2,371,2009,2016,36778.937887811364
3,371,2009,2017,45033.09119831962
4,371,2009,2018,37751.9099015553
5,371,2009,2019,45465.03604351894
0,372,2009,2014,49515.34909932692
1,372,2009,2015,57701.34143597443
2,372,2009,2016,54044.764131524316
0,373,2002,2007,46165.23248125953
1,373,2002,2008,49663.10787187833
0,374,2002,2007,32055.24507184207
1,374,2002,2008,31211.289744210193
0,375,2005,2010,134920.2652433544
1,375,2005,2011,129028.9672618817
2,375,2005,2012,117839.71043366825
3,375,2005,2013,133925.1054958356
4,375,2005,2014,110605.11507569137
5,375,2005,2015,147273.92410367844
6,375,2005,2016,146660.47669124207
7,375,2005,2017,149718.61623503544
8,375,2005,2018,147637.21211090442
0,376,2005,2010,69842.17519412353
1,376,2005,2011,78642.26421917885
2,376,2005,2012,86501.5129191998
3,376,2005,2013,78044.3378906386
0,377,2006,2011,110855.54377410971
1,377,2006,2012,95950.14052717503
2,377,2006,2013,139295.62223582237
3,377,2006,2014,118902.32135765596
4,377,2006,2015,109354.59409884567
5,377,2006,2016,133361.86234980615
6,377,2006,2017,167292.06247399293
0,378,2000,2005,77608.38194283973
1,378,2000,2006,73440.95287736644
2,378,2000,2007,59217.55434878262
3,378,2000,2008,84984.0663918331
4,378,2000,2009,70291.61225964675
5,378,2000,2010,77490.43149660702
6,378,2000,2011,99553.43162284855
0,379,2007,2012,47999.06217227
1,379,2007,2013,60735.17379459327
2,379,2007,2014,68519.46193297853
3,379,2007,2015,75895.23525167075
4,379,2007,2016,65577.93608596917
5,379,2007,2017,77484.64201469018
6,379,2007,2018,88769.48452074634
7,379,2007,2019,74212.42635698544
0,380,2008,2013,241772.70977503364
1,380,2008,2014,224632.43767247733
2,380,2008,2015,250283.33279918978
3,380,2008,2016,225994.7611235559
4,380,2008,2017,322728.0265745068
5,380,2008,2018,351019.5552817452
6,380,2008,2019,320639.8085893432
0,381,2004,2009,113039.26461917521
1,381,2004,2010,113739.3655893639
0,382,2001,2006,23656.703528982667
1,382,2001,2007,26499.93001953985
2,382,2001,2008,36524.053928774985
3,382,2001,2009,27341.64838671568
4,382,2001,2010,34911.273098214915
0,383,2007,2012,84923.98872232527
1,383,2007,2013,74536.78841745901
2,383,2007,2014,77693.4900852914
3,383,2007,2015,122134.08174465667
4,383,2007,2016,110429.31036338562
5,383,2007,2017,92688.9125367664
6,383,2007,2018,114788.33485295219
7,383,2007,2019,101878.58541429252
0,384,2003,2008,92093.16013792054
1,384,2003,2009,98803.86571904382
2,384,2003,2010,135322.1800023349
0,385,2006,2011,25409.152450359845
1,385,2006,2012,21112.27238653856
2,385,2006,2013,31314.039581091823
3,385,2006,2014,28861.66527061839
4,385,2006,2015,33730.70821256371
5,385,2006,2016,28120.3780999934
6,385,2006,2017,30155.239710994963
7,385,2006,2018,34685.52336088742
8,385,2006,2019,34715.97212132346
0,386,2009,2014,68687.57173752488
1,386,2009,2015,76068.42026290474
2,386,2009,2016,82269.2650456627
3,386,2009,2017,89723.11960063034
4,386,2009,2018,80802.98421609828
5,386,2009,2019,98009.41764139186
0,387,2003,2008,45786.04767543391
1,387,2003,2009,46224.78513985298
2,387,2003,2010,52132.48969964238
3,387,2003,2011,49630.73774734114
4,387,2003,2012,56364.750899255945
5,387,2003,2013,52050.85483674076
6,387,2003,2014,62126.321006189
7,387,2003,2015,53635.20726951087
0,388,2000,2005,77250.54304052905
1,388,2000,2006,51746.86500277942
2,388,2000,2007,74700.16559857521
3,388,2000,2008,64872.33567147787
4,388,2000,2009,78021.57280109404
5,388,2000,2010,74041.38854385777
6,388,2000,2011,91816.29033068444
7,388,2000,2012,94004.52556222698
8,388,2000,2013,83314.64367498188
9,388,2000,2014,102956.00060260162
0,389,2000,2005,40542.547530123804
1,389,2000,2006,42528.06782129321
2,389,2000,2007,61593.56265878683
0,390,2000,2005,55818.84350913715
1,390,2000,2006,73355.34810375693
2,390,2000,2007,59356.95500309166
0,391,2005,2010,28776.617783288308
1,391,2005,2011,37020.73429031471
2,391,2005,2012,29413.278710616654
3,391,2005,2013,37262.91408394487
4,391,2005,2014,43181.592113496474
5,391,2005,2015,33545.48152307109
6,391,2005,2016,46362.412987195115
7,391,2005,2017,36648.51312562177
0,392,2004,2009,100064.24538644461
1,392,2004,2010,111874.2212118881
2,392,2004,2011,90361.56363480151
0,393,2002,2007,51909.22882194158
1,393,2002,2008,46960.28148107311
2,393,2002,2009,52601.54449060415
3,393,2002,2010,58952.840224738895
4,393,2002,2011,57641.55080210088
5,393,2002,2012,54292.91900730655
6,393,2002,2013,62419.278462047434
0,394,2005,2010,55661.572780161
1,394,2005,2011,68722.22335740956
2,394,2005,2012,74405.37841109218
3,394,2005,2013,77807.8068701843
4,394,2005,2014,80933.29918586677
5,394,2005,2015,72010.45917841987
6,394,2005,2016,88166.63444868612
0,395,2003,2008,42250.97895758481
1,395,2003,2009,51737.07954259997
2,395,2003,2010,47141.783258952026
0,396,2000,2005,45125.51405786018
1,396,2000,2006,42999.94346537459
2,396,2000,2007,53866.60779879821
3,396,2000,2008,62072.41301282884
4,396,2000,2009,52048.367709795246
5,396,2000,2010,61934.922003519816
6,396,2000,2011,67297.7986887024
0,397,2000,2005,19304.62281155189
1,397,2000,2006,26574.623979254
2,397,2000,2007,22042.934040787626
3,397,2000,2008,23858.250221725186
4,397,2000,2009,28371.334261352717
0,398,2005,2010,108086.76091948741
1,398,2005,2011,97589.72742139705
2,398,2005,2012,144832.9691544385
3,398,2005,2013,129149.48948565806
4,398,2005,2014,143003.47875280766
5,398,2005,2015,140040.57681502696
6,398,2005,2016,138751.6997017307
7,398,2005,2017,149976.5882109797
8,398,2005,2018,186362.50277919762
0,399,2002,2007,25227.32004015639
1,399,2002,2008,29002.647100493916
2,399,2002,2009,29012.192060482706
3,399,2002,2010,30891.87799421161
4,399,2002,2011,36577.329226646776
5,399,2002,2012,29639.406616384906
6,399,2002,2013,35620.41593455933
0,400,2002,2007,52480.3150325214
1,400,2002,2008,52873.19989293871
2,400,2002,2009,54100.020636100206
3,400,2002,2010,59290.32507001357
4,400,2002,2011,67166.31687553055
5,400,2002,2012,55291.922565819084
6,400,2002,2013,56314.34106854469
0,401,2007,2012,34132.10864713273
1,401,2007,2013,32383.989057494575
0,402,2002,2007,40950.280746271834
1,402,2002,2008,28711.84541171231
2,402,2002,2009,31965.86249131894
3,402,2002,2010,34231.29141081411
0,403,2006,2011,34657.596251532355
1,403,2006,2012,45379.510736572265
0,404,2003,2008,25539.494958975694
1,404,2003,2009,37630.07527365257
2,404,2003,2010,35220.63744572443
3,404,2003,2011,28838.65673793714
4,404,2003,2012,34903.60884712033
5,404,2003,2013,45593.71283417837
6,404,2003,2014,46450.931372757324
7,404,2003,2015,35172.17999731356
8,404,2003,2016,37938.912544501705
0,405,2004,2009,21435.377103246323
1,405,2004,2010,28207.618567070127
2,405,2004,2011,26996.163286277137
3,405,2004,2012,25395.55216998685
0,406,2008,2013,49950.605405073904
1,406,2008,2014,68392.49974942153
2,406,2008,2015,69163.17494013993
3,406,2008,2016,62415.16578809818
0,407,2000,2005,66516.54143466627
1,407,2000,2006,56537.7187032459
2,407,2000,2007,58471.40397622028
3,407,2000,2008,56449.059699048834
4,407,2000,2009,75063.85364705992
0,408,2004,2009,40556.4028444053
1,408,2004,2010,45630.884456956854
2,408,2004,2011,33625.61191253361
3,408,2004,2012,38463.01147025914
4,408,2004,2013,36944.36321390765
5,408,2004,2014,47054.98194317871
6,408,2004,2015,38690.94299573135
7,408,2004,2016,45296.83582350072
8,408,2004,2017,57758.39571154134
0,409,2000,2005,56407.77835271565
1,409,2000,2006,51005.03679833856
2,409,2000,2007,76391.2785778543
3,409,2000,2008,72265.19873844748
4,409,2000,2009,78702.42267310151
5,409,2000,2010,72526.00438168859
6,409,2000,2011,74448.3666266667
0,410,2000,2005,44534.02694699935
1,410,2000,2006,39098.99288907243
2,410,2000,2007,44985.92480677538
0,411,2006,2011,82485.32442070701
1,411,2006,2012,86237.00643943726
2,411,2006,2013,103125.4547227233
3,411,2006,2014,87977.17519393723
4,411,2006,2015,127186.58881367862
5,411,2006,2016,96704.18889446143
0,412,2001,2006,28555.979233578193
1,412,2001,2007,33019.0680720701
2,412,2001,2008,34192.2084043576
3,412,2001,2009,38780.098787623356
4,412,2001,2010,40465.19394719743
5,412,2001,2011,42383.560372964246
6,412,2001,2012,43873.53204747206
7,412,2001,2013,48014.32365388074
0,413,2004,2009,56913.95924798439
1,413,2004,2010,58553.40712722448
0,414,2006,2011,69977.30638443331
1,414,2006,2012,94863.66587258936
2,414,2006,2013,92310.19097145715
3,414,2006,2014,91266.06693246558
4,414,2006,2015,82410.39808998206
5,414,2006,2016,79857.97043092374
6,414,2006,2017,94210.95285674988
0,415,2006,2011,123360.42216015127
1,415,2006,2012,88483.19329026337
2,415,2006,2013,126889.87174708249
3,415,2006,2014,147108.61082423758
4,415,2006,2015,104307.87729361135
5,415,2006,2016,147540.8245203482
6,415,2006,2017,150975.98592456267
7,415,2006,2018,128420.31201913119
8,415,2006,2019,147266.06007917863
0,416,2009,2014,80656.2935411875
1,416,2009,2015,90077.50529716662
2,416,2009,2016,91974.28082267717
3,416,2009,2017,82449.41133458608
4,416,2009,2018,72653.25849077344
5,416,2009,2019,86308.80627781089
0,417,2009,2014,51463.080593519415
1,417,2009,2015,47329.10853963212
2,417,2009,2016,54370.49373040654
3,417,2009,2017,44562.01734830432
4,417,2009,2018,52105.46175958093
5,417,2009,2019,65618.84552013305
0,418,2008,2013,90538.60400527644
1,418,2008,2014,80434.23321543656
2,418,2008,2015,84218.79654271023
3,418,2008,2016,90974.15650540194
0,419,2005,2010,59092.28280635592
1,419,2005,2011,82165.19728251151
2,419,2005,2012,89997.58061840628
0,420,2000,2005,53480.258736804484
1,420,2000,2006,58733.72206772935
2,420,2000,2007,62342.63254051963
3,420,2000,2008,65155.624122024325
4,420,2000,2009,54868.957847268364
5,420,2000,2010,55358.43927192451
0,421,2008,2013,50534.29481063946
1,421,2008,2014,58274.29420993082
2,421,2008,2015,61598.94346511319
3,421,2008,2016,59422.63227232948
4,421,2008,2017,84800.52163060935
5,421,2008,2018,73371.87094387418
6,421,2008,2019,87959.25955580088
0,422,2008,2013,117346.3839297742
1,422,2008,2014,126124.34802989905
2,422,2008,2015,108425.41811330456
3,422,2008,2016,97551.19324152
4,422,2008,2017,98509.1130541888
5,422,2008,2018,114865.74281050138
0,423,2009,2014,59348.19230666991
1,423,2009,2015,43751.40139012912
2,423,2009,2016,46507.95121824387
3,423,2009,2017,49969.0173163802
4,423,2009,2018,62704.59759520349
5,423,2009,2019,52811.92452030214
0,424,2008,2013,125809.63411958262
1,424,2008,2014,115884.9525297852
2,424,2008,2015,164778.74009048595
3,424,2008,2016,178256.45061908523
4,424,2008,2017,140058.74925865096
0,425,2000,2005,68419.36947251011
1,425,2000,2006,72970.8183088835
2,425,2000,2007,76771.66931869766
3,425,2000,2008,84891.80271869151
4,425,2000,2009,81480.40053474673
5,425,2000,2010,85593.96733894623
6,425,2000,2011,100906.65880278872
7,425,2000,2012,80144.89185996319
0,426,2007,2012,80225.22829318326
1,426,2007,2013,80169.10607748308
2,426,2007,2014,68740.27775614186
3,426,2007,2015,74857.02852355341
4,426,2007,2016,85973.27260028623
5,426,2007,2017,71728.36899667434
0,427,2002,2007,70026.33872393634
1,427,2002,2008,65922.30034581997
2,427,2002,2009,58423.96871608971
3,427,2002,2010,59689.74581399775
0,428,2007,2012,21302.065569434828
1,428,2007,2013,18889.558738315034
2,428,2007,2014,26081.492099722873
3,428,2007,2015,28012.75550262931
4,428,2007,2016,22380.540950439427
0,429,2006,2011,52277.5921074331
1,429,2006,2012,63922.43950883926
2,429,2006,2013,65584.92908209816
3,429,2006,2014,57475.338194008196
0,430,2008,2013,18308.88038652235
1,430,2008,2014,21110.192326270793
2,430,2008,2015,21065.95997793613
0,431,2001,2006,49073.399399743386
1,431,2001,2007,42429.27367832637
2,431,2001,2008,52376.75876535482
3,431,2001,2009,56145.633823545155
4,431,2001,2010,66025.72689564178
5,431,2001,2011,56655.27457255407
6,431,2001,2012,59611.01808917128
0,432,2007,2012,72268.58795004114
1,432,2007,2013,75452.76393324377
2,432,2007,2014,73121.30272780322
3,432,2007,2015,81482.49901360842
4,432,2007,2016,82857.76747282002
5,432,2007,2017,81201.80687530931
6,432,2007,2018,87095.57133131758
7,432,2007,2019,71064.1329824258
0,433,2003,2008,63671.469272328664
1,433,2003,2009,52390.86919723501
2,433,2003,2010,50375.730767982524
3,433,2003,2011,67263.36144640502
4,433,2003,2012,74553.81634472235
5,433,2003,2013,80136.8386020784
6,433,2003,2014,63250.38197554809
7,433,2003,2015,85352.93107396142
0,434,2005,2010,82024.48397981157
1,434,2005,2011,87568.43459468
2,434,2005,2012,122423.99809352822
3,434,2005,2013,110028.52893022056
4,434,2005,2014,100623.66512224144
0,435,2003,2008,37273.991133412324
1,435,2003,2009,27311.60527111458
2,435,2003,2010,29260.677549881577
3,435,2003,2011,42474.16202249634
4,435,2003,2012,32485.55010041218
0,436,2003,2008,42736.31804953121
1,436,2003,2009,31469.831587395158
2,436,2003,2010,41009.29757573354
3,436,2003,2011,42290.59364283336
4,436,2003,2012,41776.672402912794
0,437,2000,2005,32023.28608230188
1,437,2000,2006,26284.38041385513
2,437,2000,2007,32082.172756482472
3,437,2000,2008,28940.33223470722
4,437,2000,2009,44889.67718184526
0,438,2005,2010,44207.256332389734
1,438,2005,2011,59527.48101084654
2,438,2005,2012,53812.1270079279
3,438,2005,2013,50377.178778954476
4,438,2005,2014,58180.44635403379
5,438,2005,2015,50196.13651355693
6,438,2005,2016,68445.64077616215
7,438,2005,2017,57792.967603214005
8,438,2005,2018,64281.36449112494
9,438,2005,2019,61547.79376038523
0,439,2006,2011,80228.40438087493
1,439,2006,2012,62990.90909387743
2,439,2006,2013,96857.33738825443
3,439,2006,2014,72601.42601063577
4,439,2006,2015,101163.55077020067
5,439,2006,2016,91615.86101767118
6,439,2006,2017,99654.13869678005
7,439,2006,2018,86709.93639770668
8,439,2006,2019,109253.67847845507
0,440,2000,2005,60410.472214375404
1,440,2000,2006,72180.58265579092
2,440,2000,2007,67536.95540635478
3,440,2000,2008,81446.57849076603
4,440,2000,2009,88336.61294964873
5,440,2000,2010,75464.54840960877
6,440,2000,2011,84884.1646980669
0,441,2001,2006,101338.51039093944
1,441,2001,2007,106210.23800019569
2,441,2001,2008,111020.32183661268
3,441,2001,2009,100328.22443114159
4,441,2001,2010,87233.73836256623
5,441,2001,2011,123034.87868117778
6,441,2001,2012,115040.53870648763
7,441,2001,2013,131117.98736976236
0,442,2004,2009,72615.23969923717
1,442,2004,2010,109189.15357911125
2,442,2004,2011,107747.86779980728
0,443,2001,2006,105995.87844101865
1,443,2001,2007,94585.48233956663
2,443,2001,2008,116076.5240381482
3,443,2001,2009,109983.35268463878
4,443,2001,2010,96559.54430725874
0,444,2003,2008,29187.909137049257
1,444,2003,2009,27711.865216011825
2,444,2003,2010,38093.26253987759
3,444,2003,2011,35111.033474315285
4,444,2003,2012,44216.671457301876
5,444,2003,2013,36420.08112411684
6,444,2003,2014,37907.424891928014
7,444,2003,2015,49209.42354114526
0,445,2002,2007,75437.17482914902
1,445,2002,2008,66484.17787600415
2,445,2002,2009,65197.716519905036
0,446,2008,2013,65635.31656612965
1,446,2008,2014,82331.30867580415
2,446,2008,2015,98635.38073562205
3,446,2008,2016,113301.39757732974
4,446,2008,2017,82112.15661288715
5,446,2008,2018,105395.6741266702
0,447,2003,2008,49504.01215287892
1,447,2003,2009,46525.996706175705
2,447,2003,2010,65444.62070965153
3,447,2003,2011,58635.05405972412
4,447,2003,2012,61500.36313673641
5,447,2003,2013,56538.615788971896
6,447,2003,2014,74406.6533624114
7,447,2003,2015,81805.72660425268
0,448,2004,2009,64981.7585222409
1,448,2004,2010,58804.43662730272
2,448,2004,2011,52595.58150026383
0,449,2007,2012,84024.67996525341
1,449,2007,2013,67377.38119274193
2,449,2007,2014,67500.51851960804
3,449,2007,2015,101977.1724047559
4,449,2007,2016,104108.83261311884
5,449,2007,2017,99790.24231528754
6,449,2007,2018,93984.59360961919
7,449,2007,2019,85209.47492838828
0,450,2009,2014,19422.20900342316
1,450,2009,2015,26815.95937155737
2,450,2009,2016,29519.351220321827
3,450,2009,2017,28623.17512927717
4,450,2009,2018,29031.505391139595
5,450,2009,2019,32024.667898396772
0,451,2002,2007,37356.0384384621
1,451,2002,2008,26069.17601178385
2,451,2002,2009,27364.13961930762
0,452,2002,2007,52918.686137813114
1,452,2002,2008,67252.50676745223
2,452,2002,2009,59314.569717074606
3,452,2002,2010,70437.51642792608
4,452,2002,2011,80676.27446442381
5,452,2002,2012,68541.18333757996
6,452,2002,2013,85679.29925730337
7,452,2002,2014,85277.96056190625
8,452,2002,2015,70534.02264844174
9,452,2002,2016,92425.03302632636
0,453,2000,2005,46453.23863666979
1,453,2000,2006,37171.69805957388
2,453,2000,2007,46440.45953356272
3,453,2000,2008,43199.462297163285
0,454,2007,2012,90954.41983608593
1,454,2007,2013,71178.8570815009
2,454,2007,2014,111104.94420875616
3,454,2007,2015,86390.11048365258
4,454,2007,2016,111236.25119469021
5,454,2007,2017,105684.09357582756
0,455,2001,2006,53078.86966643549
1,455,2001,2007,58248.278384071215
2,455,2001,2008,60626.144115711715
0,456,2001,2006,37064.13813167511
1,456,2001,2007,30913.46671567905
2,456,2001,2008,28764.87194798939
0,457,2001,2006,64173.78959956922
1,457,2001,2007,80062.31752937539
2,457,2001,2008,66814.4886771571
0,458,2004,2009,39441.7684967096
1,458,2004,2010,52336.46494182912
2,458,2004,2011,50549.27253640406
3,458,2004,2012,50899.86852725222
0,459,2007,2012,94200.74107557336
1,459,2007,2013,78794.37199949301
2,459,2007,2014,86293.71669262717
3,459,2007,2015,97855.26418443167
0,460,2003,2008,85077.8248485701
1,460,2003,2009,89814.34456977234
2,460,2003,2010,89495.55182904286
3,460,2003,2011,115371.57620793766
4,460,2003,2012,108104.58648469063
5,460,2003,2013,110163.30296778902
6,460,2003,2014,95822.02679048815
7,460,2003,2015,128738.75969933561
8,460,2003,2016,132075.70357730737
0,461,2001,2006,125217.62030128554
1,461,2001,2007,124671.86199995321
2,461,2001,2008,141042.09563249405
3,461,2001,2009,115999.95271965895
4,461,2001,2010,157213.44310866675
5,461,2001,2011,143883.7403140389
6,461,2001,2012,138716.72982985995
7,461,2001,2013,133157.6401596114
0,462,2006,2011,55936.45673463667
1,462,2006,2012,64985.573745423535
2,462,2006,2013,53594.50217824741
3,462,2006,2014,59562.1368431979
4,462,2006,2015,71879.64232961259
5,462,2006,2016,63088.108563554095
0,463,2003,2008,87344.56345440994
1,463,2003,2009,79238.11026703344
2,463,2003,2010,68594.63292353107
3,463,2003,2011,91058.95755823443
4,463,2003,2012,92221.51319849634
5,463,2003,2013,77000.17311469259
6,463,2003,2014,91763.62443401496
0,464,2006,2011,28177.268989373162
1,464,2006,2012,29067.22824215636
2,464,2006,2013,35124.34116665237
3,464,2006,2014,29863.881359198178
4,464,2006,2015,32689.1722934691
5,464,2006,2016,37335.98830230397
6,464,2006,2017,41198.5251605501
7,464,2006,2018,42409.6802866363
0,465,2004,2009,74864.13024338809
1,465,2004,2010,92388.03895770462
2,465,2004,2011,80590.62667300132
3,465,2004,2012,80851.63801827993
4,465,2004,2013,94970.94233118862
5,465,2004,2014,92280.61550393891
6,465,2004,2015,110392.99654864686
7,465,2004,2016,92959.17571068267
0,466,2001,2006,62033.95519880184
1,466,2001,2007,80363.78478295394
2,466,2001,2008,92963.23200656849
3,466,2001,2009,81870.09224850647
4,466,2001,2010,74662.1885456042
5,466,2001,2011,104561.20479080474
6,466,2001,2012,99056.0361874216
7,466,2001,2013,95405.53805017767
0,467,2000,2005,72727.24434277354
1,467,2000,2006,84243.26378183931
2,467,2000,2007,94588.21298742991
3,467,2000,2008,76324.90338127867
0,468,2002,2007,38574.39906792406
1,468,2002,2008,60008.65539244759
2,468,2002,2009,55592.71437178371
0,469,2001,2006,100618.69445255303
1,469,2001,2007,153601.24851152764
2,469,2001,2008,132902.70066612939
3,469,2001,2009,119940.9767769456
4,469,2001,2010,159590.21077464678
5,469,2001,2011,160466.0178487796
6,469,2001,2012,186414.58456450247
7,469,2001,2013,139312.5870839366
8,469,2001,2014,193009.61017211148
0,470,2007,2012,82122.52894475532
1,470,2007,2013,98946.54790274554
2,470,2007,2014,91804.90480176754
3,470,2007,2015,108854.3339577484
0,471,2000,2005,25255.60716550615
1,471,2000,2006,24703.043040118522
2,471,2000,2007,23951.39410954206
3,471,2000,2008,23742.526870736172
4,471,2000,2009,28962.105523258826
5,471,2000,2010,24667.740540183346
0,472,2009,2014,30352.99727894917
1,472,2009,2015,24949.49439033328
2,472,2009,2016,26650.543715488206
3,472,2009,2017,39740.28594862889
4,472,2009,2018,38931.064874443255
5,472,2009,2019,45159.898764161546
0,473,2003,2008,21224.47132312803
1,473,2003,2009,19862.9771197287
2,473,2003,2010,25282.917839965434
3,473,2003,2011,22764.8990095231
4,473,2003,2012,19344.57167587521
5,473,2003,2013,25441.650744964485
0,474,2005,2010,29053.058692631013
1,474,2005,2011,35034.50817840445
2,474,2005,2012,27784.35883005719
3,474,2005,2013,29367.050196755317
4,474,2005,2014,36914.80252929975
5,474,2005,2015,40628.6700603241
6,474,2005,2016,37235.801232312646
7,474,2005,2017,37366.40357097687
0,475,2004,2009,25166.439979760988
1,475,2004,2010,28306.179368660378
2,475,2004,2011,28209.52684421627
0,476,2007,2012,74141.2068776699
1,476,2007,2013,94671.1567128416
2,476,2007,2014,103147.32975062136
3,476,2007,2015,83038.46605845001
4,476,2007,2016,85789.80646814314
5,476,2007,2017,97965.94668235097
6,476,2007,2018,87696.29570847147
7,476,2007,2019,91411.04984232922
0,477,2007,2012,53805.44546160416
1,477,2007,2013,53761.658183065236
2,477,2007,2014,44167.246499342604
0,478,2000,2005,89421.19984996853
1,478,2000,2006,59850.02883833972
0,479,2002,2007,66434.59943365175
1,479,2002,2008,49985.40413932042
0,480,2008,2013,143534.66911637207
1,480,2008,2014,99468.40643525575
2,480,2008,2015,123644.96266005393
0,481,2004,2009,21515.053665058655
1,481,2004,2010,21021.690762574963
0,482,2006,2011,38849.612167488565
1,482,2006,2012,42074.83528641815
2,482,2006,2013,38558.23282905732
3,482,2006,2014,54973.116856424735
0,483,2006,2011,50575.53840815225
1,483,2006,2012,73157.11871030598
2,483,2006,2013,80195.80686532258
3,483,2006,2014,78575.72907668383
4,483,2006,2015,90988.37460195358
5,483,2006,2016,86187.21014570563
0,484,2003,2008,69231.26233593305
1,484,2003,2009,56681.34032422829
2,484,2003,2010,78890.80050807788
3,484,2003,2011,80254.56626485634
4,484,2003,2012,61370.349286298326
5,484,2003,2013,82041.80010693852
6,484,2003,2014,80582.88678864427
7,484,2003,2015,81230.19926142383
8,484,2003,2016,75058.0682488528
9,484,2003,2017,92297.0523835568
0,485,2000,2005,89003.31151456152
1,485,2000,2006,77518.24184344069
2,485,2000,2007,76657.36619043758
3,485,2000,2008,74512.41999327055
4,485,2000,2009,105395.07523300874
0,486,2005,2010,59885.18415259666
1,486,2005,2011,56200.54259904796
2,486,2005,2012,63257.19599396766
0,487,2000,2005,46091.64221316766
1,487,2000,2006,50061.39900494399
2,487,2000,2007,49875.47204627601
3,487,2000,2008,58461.23002994866
4,487,2000,2009,58481.18443209471
5,487,2000,2010,50255.62833822519
6,487,2000,2011,55887.82600735946
7,487,2000,2012,53657.413557055115
8,487,2000,2013,60475.219288719425
0,488,2000,2005,59244.405278000544
1,488,2000,2006,53749.15890639287
2,488,2000,2007,53975.02925682331
3,488,2000,2008,72385.06721495789
4,488,2000,2009,82646.71451974772
5,488,2000,2010,74329.12099723653
0,489,2002,2007,85881.47518062603
1,489,2002,2008,109060.78385481451
0,490,2008,2013,63091.47108873255
1,490,2008,2014,85311.34603362266
2,490,2008,2015,70922.93222170042
3,490,2008,2016,73720.02036882965
4,490,2008,2017,73575.00010702078
5,490,2008,2018,88434.10376073573
6,490,2008,2019,98453.83390535852
0,491,2005,2010,58684.10443716523
1,491,2005,2011,79921.7847192461
2,491,2005,2012,77789.28225166792
3,491,2005,2013,69297.09022590963
4,491,2005,2014,79756.72561387235
5,491,2005,2015,77587.78859961411
6,491,2005,2016,86401.25426953318
7,491,2005,2017,104219.97420138615
8,491,2005,2018,82334.29079117243
0,492,2005,2010,36640.014558426716
1,492,2005,2011,29072.104857836992
2,492,2005,2012,32049.44754874164
3,492,2005,2013,33982.17301583264
4,492,2005,2014,40669.04600282739
5,492,2005,2015,38024.65712174809
6,492,2005,2016,40226.59402308471
7,492,2005,2017,49042.053469366045
0,493,2004,2009,34510.082242517565
1,493,2004,2010,28669.759239964897
2,493,2004,2011,27670.498346057524
3,493,2004,2012,30169.826916983
4,493,2004,2013,29146.349884959764
5,493,2004,2014,32951.57609996511
6,493,2004,2015,34719.38753296558
0,494,2000,2005,27587.618616294658
1,494,2000,2006,34280.94680303796
2,494,2000,2007,40440.837322245345
3,494,2000,2008,45700.60150969068
4,494,2000,2009,45743.7559360346
0,495,2009,2014,168213.53972337098
1,495,2009,2015,162987.60902597767
2,495,2009,2016,139507.29267176142
3,495,2009,2017,176720.67706209837
4,495,2009,2018,156194.09861582553
5,495,2009,2019,151525.86235764346
0,496,2007,2012,58343.47994184935
1,496,2007,2013,74112.60706165459
2,496,2007,2014,75565.93150577789
3,496,2007,2015,83986.44362496988
4,496,2007,2016,87320.9817982574
5,496,2007,2017,86944.39415706636
0,497,2007,2012,64752.73437168698
1,497,2007,2013,72678.64678737233
2,497,2007,2014,57876.72732642059
3,497,2007,2015,74698.39594141034
4,497,2007,2016,67144.24534408537
5,497,2007,2017,62958.58631748102
6,497,2007,2018,79603.59686678286
7,497,2007,2019,87017.1922410542
0,498,2008,2013,170510.36159718662
1,498,2008,2014,171107.34764095343
0,499,2000,2005,41791.42198137687
1,499,2000,2006,33907.23720979997
2,499,2000,2007,44496.67040369984
3,499,2000,2008,47253.69806160773
4,499,2000,2009,42663.033818788695
5,499,2000,2010,47526.083397299335
6,499,2000,2011,52794.240853623014
